{"version":8,"hash":{"type":"Buffer","data":"uilX+Am8JXmqSRqui0PWnVS/B2A0G+coBmfSE73zWatkUsMjE2HsQxBUkSF20WKCxgd3x4aMh3cKOiNfoOS72YwYNpNfBnH2zht0biDdSErknkowLyvud0+J67uN+L4/2SDl5nYM3bP2yjDfnaHquZPURKk70LVrnlRKJjV/N5E="},"indexValueMap":{"9mJfN1JPu2nbf3Tx6Saj+jxaHngwQCjnEUchlovBgoA=":{"valueMac":{"type":"Buffer","data":"Yo/oyMG+YJR0n/mMRsezgAA3WWWgshKu302vzvaFM68="}},"pI5U6PXT8eSNEMKzDMrI8gRUgFrK1mQyHWayKoVTvcg=":{"valueMac":{"type":"Buffer","data":"7R5vyB+dJqRjT+GArYeTMv085+T+g8LBwDEylMAdc6s="}},"oGadwcjfGQhUMwW4sLqerHQ1CyIbVKMgRtArfew7hCQ=":{"valueMac":{"type":"Buffer","data":"B4nv4bty0AjDDh9Q74kdtxD6++xUDZAi/rrIwLr33mM="}},"9AZeLpc3YMzpLSAu1DUDxzgn5vAjsLtOtrvE7gjfgUY=":{"valueMac":{"type":"Buffer","data":"sf+e+FkG6qSzbm3dIVDBWIA6qv5BOGFphpNMCtwtL6M="}},"6EmQA7e9H28ECRx9WaFboV3XJn8klDK5Ny2xMDo7yjo=":{"valueMac":{"type":"Buffer","data":"d/12d1SoBkyTDS88kDXtitzOdbOBKIDlQr3MI0Sjcm0="}},"+f8qf3JRZHzmR1NEiaW1Sq7i7VIQKgppUWSyp+zZ2bU=":{"valueMac":{"type":"Buffer","data":"rOiCbbzKpcbm7fYOIQBCLRChT1DOyr8uHLaArxQEux4="}},"tK5hnBmbVmRFIrCWMmeFcANz6G3BoHHb62wIV7XYMJQ=":{"valueMac":{"type":"Buffer","data":"/4+qRYOIon8nrMuUxWSWZ+H6o/1Z1hntD8dHkIKSBQ0="}},"gyUwyIhYkmFF/6ZJM1PC9VpqgS4Wtj1mjocG6Pc5dNg=":{"valueMac":{"type":"Buffer","data":"Rz6rVNC2upWhQr0lJ/VHbpEmqQq1fBOu7ig6Hnb/LEU="}},"vm3WfiP78cFN3lA7ZYNeVEWmHOzNOzi6Ergnu/zv7a0=":{"valueMac":{"type":"Buffer","data":"aAAws+ngUED048R3nrb2NrZyB1oIIZy2yrh3apG8ojU="}},"26HF5FoZwpTEvV7tFG2WOgmvFj3Asv/tUtEGkc7S0tw=":{"valueMac":{"type":"Buffer","data":"ppHLJCcOa9/TDZ7QffPPXIhQZRfPquDBepYlrFZvblo="}},"HeMUdcPFRZsqNbob04vohIiwEJCF3huTejPSxyLnkT8=":{"valueMac":{"type":"Buffer","data":"P7gNv8TzyceEOO5DSF5Cq64T3SDj9wW3I/52WPmvKbY="}},"3f7YXO7hHz0wgcSqzbH80Vo1jipNmVqqghnvID1s9GE=":{"valueMac":{"type":"Buffer","data":"PKLTZ38IuLfKdQiKYU6KweHCbhfwXv0p4C17NN2dMwM="}},"eCD4pOBrYdz8ege+Yrd/pw4yDbLhNHNK3rYlkVwq+sY=":{"valueMac":{"type":"Buffer","data":"omdg3EvQTnNcSPhUjrf5AU7jsgEj8Qq/FwjGe7NnozA="}},"Mq0Bc650QLsGSDILm8B6Z5OB0KrylOHFlmZ9ZIDp/y4=":{"valueMac":{"type":"Buffer","data":"m7o0ywNcZ07BS4OJwpKsji7M3UUa5onZHrwGr0NWG2k="}},"2uDYmOXDgDiX+w36axWB0nzd1WkOJicBDfKF8cgXrnk=":{"valueMac":{"type":"Buffer","data":"tb1u9PFa12Ec6DNg7e+IR2wwkspzGGQIuki786ncxW4="}},"KtM3i6CkBORkZGAZl61+qbo991/F7SIKGkOTQqvzyHk=":{"valueMac":{"type":"Buffer","data":"EYWNT/hpc0iJAu8pcLSPn3Kcw/oh8MRs/liWp7gbPRk="}},"r3GNUqbckwJMFxZB9Ld60D4ifPYm4k06x/AjNwTrB2k=":{"valueMac":{"type":"Buffer","data":"W0YmW6JimFAxEIMMi3TH4agfLkvicSKLvqE0es6N1SE="}},"UaLyTnZmxl0sSTbKa6y1j3538y2UbsVwFt8CbE+XSGw=":{"valueMac":{"type":"Buffer","data":"NsWqG0kVizXH4wi22+b3U1F1kmeMNEgXpcTT3e1Iou8="}},"KjHrlF1bmDYBQJVwzcWh0j6pGOEl+N98LKYiD3uT5Wc=":{"valueMac":{"type":"Buffer","data":"b8wkwPOPXB2yZKMHXCAfEH5E9Ql5h2jfaogM99dvwUI="}},"flr6HR4Wj53WfYYo7eb3B79POfeIvtmJ19ZRzsCNDVU=":{"valueMac":{"type":"Buffer","data":"4m0Ubl1ABXvrgutBr/5yncGR28mQGpyEdL6yS8xWbxA="}},"F10GeWe9KfWVIyVk1s8+dT6/RaLW9zD7NwCoLRHDHyU=":{"valueMac":{"type":"Buffer","data":"u7jEfNABS8PIbX+plMgYZDxDhQ/SHF5cJTtTIz+hZ28="}},"J+AZDL4SZoF0UxugcMIqTU/v+YLvWrMvSY68BD0K/tQ=":{"valueMac":{"type":"Buffer","data":"ItBtAGZK7RfEqvBodqOm/fagnNyEJlHh8MTcF2C78hk="}},"cOKngRmVUJThpJtYnSYZ+vvZWuXa794oGAHEyZaDODo=":{"valueMac":{"type":"Buffer","data":"P7wG5/hm+N5ir9RExk/Xm4Q9cSV6inr4rRFEbCjLv9M="}},"QsluZD+mgFJJygfzm8f4OXCMldYbWXix+nh9awOfDU8=":{"valueMac":{"type":"Buffer","data":"+DgzgAIzMZDJKffzkeJnNJyX7skFRsrSrFTXAy8yOas="}},"24ES6B28/Gtk8yB2FbbButY0k+i2+GVX57ND2UqZZx8=":{"valueMac":{"type":"Buffer","data":"qlPivI082TCQ0ogrVpr5OqXSxsrxJhIvI4fRa1qWgN8="}},"80tlYyxQZmC0Us9B5xnWWsN5tjObzARUlWXdZxk8XBw=":{"valueMac":{"type":"Buffer","data":"v0fFLwmqusWFw15/JMCDzT3Ps1Nht1c5ce8ER60nlXo="}},"U2pSor2M2/mdvdoSpW3jazliEmspDkVRU/I08pUYjRo=":{"valueMac":{"type":"Buffer","data":"b+6UDFUHyxg/BFuCLrzjZpiYobJJOUoAHQcr0XQKlDw="}},"P6kboe95xlCLRNff8Xxtkm+ZcxgX4L/H3y+i+6/1dDI=":{"valueMac":{"type":"Buffer","data":"AHk+Ubz4222YQtNIaygGY502Di92bJiRts5aHOjzcxg="}},"7F4phZOMgFDHH/KHYMLAYdEV8nKOvBbV/BgzKQCzIQg=":{"valueMac":{"type":"Buffer","data":"EjFU3fCTKoVWBRsieNqIygB4+5hP9YD1i1nURaSbunM="}},"+I87r9EVFYjR/3oz531/VPUGukMQyBQlOhh4f9eDydk=":{"valueMac":{"type":"Buffer","data":"QJunfeOxbLOmOQfReuOE/AJ0r0V96bcuXVcP5uKqKgA="}},"Zk357EjrT3zA+0lmIgzEcIoYjSiQ9sPSj73TaEphuHQ=":{"valueMac":{"type":"Buffer","data":"7QF4OBJXkhwv3VzM8nZGe204aaeuaMib18EMchQX608="}},"3qb+SACnQKSwPQUGZwqe9S1uzTJuSqjHeYBKOqDG5ek=":{"valueMac":{"type":"Buffer","data":"RrOA0jH+7IDLTKKhNycMDWXxxjlfrQHixw0dv+h3jWM="}},"KTj4OGoFbrZb3s0BlnUynD3+jixuQyk7Xj0RIF/Fi4M=":{"valueMac":{"type":"Buffer","data":"SwDFf0QUv1ZjVFA4HbJ8cNrSNDFg8TUBvwYRKg8RH2Y="}},"qDPXXBlZIVJM5G+k6t1tWrJ1SMl8SqTWxfoRDY7HOHY=":{"valueMac":{"type":"Buffer","data":"JYS0vEe4TAJM+q1CmZIGpNXmDzp2eJnnmDXevATzQ/c="}},"KwziQbMm8cG9QYEOSeeKAPHz5eQqSUpNmx+MMVL5ftM=":{"valueMac":{"type":"Buffer","data":"QTf2P2GRAkI6wwWzU5NAe2CH3dwjocWJprqgKn0RpbE="}},"bcF6gLajIdMqZQgCIWBNoI8FEUwqR05Jlp70GNFv9z0=":{"valueMac":{"type":"Buffer","data":"rIlmtimeLNfzyeUg2J9ovOyJueunZ+AozY7/32y5qlM="}},"Lj6ScryhYMeGZfFfiMlhHk26p4N3eZyzlqrC640Whdw=":{"valueMac":{"type":"Buffer","data":"mMS6rYAUTVpUaxajWa++1L+th+nxb6Zx6aq8A1T0TzI="}},"jd8neWj7uiybCSvo2i5J50CNu8yy8XRSu1xz5TDDCsk=":{"valueMac":{"type":"Buffer","data":"NTXKOVcvAhhDBoAVspk/8zOmmc4Ta4ERpz3XuOgon3k="}},"LuvHOJMHINrjfpPhqRNbVTxHteFGP0MXCXb4V1u22pM=":{"valueMac":{"type":"Buffer","data":"ZYp+vgw2cuiaIoHk3D+Nq4CpO5Y2i/SQaIJB1Dncoew="}},"zBibfSMNaXnc8DX+EPUezeBrPatX+/fcN1tV8/3KGZk=":{"valueMac":{"type":"Buffer","data":"tF97qPN9Xok5WNDsXbaaJ8eOsf9xHev/zlwZ11NMGNs="}}}}