{"version":6,"hash":{"type":"Buffer","data":"Abj3yKYQxKgEeZr/EnZ+v84FyJgbR8sif7KI7shCwe/2/6OJe9skdrlegfB+9qh5lLqApMUBq96ZlkqbBnHfCEF3qeoGa3Fof7Bi4O0H7iRb9PXAJC0NsnsQSjX/G11hrlsxIKbphE78nh9g3s6giS+SyqBtBzS7BAxdrYy01qk="},"indexValueMap":{"Pp3BEr6kOzWeVqReY/kW6ANckaNEooSfX3WpItqVgwk=":{"valueMac":{"type":"Buffer","data":"BUuB9YUFFzkcfVHdtaV+bAtuOG43LBuC08UAhpLTo2A="}},"V+1hBTQ8aoNYwarh8WyQk4RCcziXp3yd4urtZgvQoz0=":{"valueMac":{"type":"Buffer","data":"SEAc83w+KLm3fWvJjvjm20rdft2wpi8zdArMwBwT518="}},"XJy/290C4oY73rsELrfPhnZwoxZheM5nQixLbwj42wc=":{"valueMac":{"type":"Buffer","data":"GCoy/ndJlMji+g6HhM218g9ALexjaPlUN9wKdzLVrbM="}},"zkEKO/6LeIAV0JJvY/t2BsckDzxYAZkz5eVHGUw7hJA=":{"valueMac":{"type":"Buffer","data":"4J5+2/5qNTJda3FG6H9Nok3A6Rb8zGC5PrwedzLp70w="}},"CoHYV9ybZII6y0k8TU8cPMVKTAxkEHk9/wJCC4Co3zw=":{"valueMac":{"type":"Buffer","data":"TMTLhQt8xKb1pBAEsUOVu7i1JWoO3l2ci3NfthR9C3Y="}},"c3HfVI1WD0Z3AsljTaSIwqakvxIeFjX7Y6mYVYzINzc=":{"valueMac":{"type":"Buffer","data":"rs/Lsei/RB1dbEI1INrABtkrFRZVyXX247+IwpidoVI="}}}}