{"version":4,"hash":{"type":"Buffer","data":"JpydO8SNxxxkMxHm4kGw5/2c7pyz6IPagwpwDnLMMdbiUHw8lY/+keT5gwjTGsz52Gw6gWi+0VFd+5GTk9cwxKVWfjWo1TRYjxmazazjqZ56mPP9udkgWCxDaIVSNaME8wbNC1cKp94ei8Mz/2/cq9IcoVoo5+3kAXDFj09N2DA="},"indexValueMap":{"MF5ODgbrrwDnnPdsJoW5XOKUlMfXNgW/un2lHZrMd8s=":{"valueMac":{"type":"Buffer","data":"+4ZFSMcBM231/yIjzY5HfKpuoNQ2u3psre/a+YrvuFg="}},"6zSTHcZZtob/lGQ6SyrjOJAilbBFmqu3OuPw8UuZvR4=":{"valueMac":{"type":"Buffer","data":"YLCApYLYtDj7vv+0B0wSGChoAu1dZSUn6eITnfq61+w="}},"YWra1eT36iyHliVRg1gn6IZJ2SqMGzdo6ARAAaElqwU=":{"valueMac":{"type":"Buffer","data":"boyczc/hxooaI5bMToqpFJmgclAtTI522JANqTiFx2w="}},"w/pRYTELQxYK2dwy3L5JfwxDWJDl+Mj8bes1iiqDl9Y=":{"valueMac":{"type":"Buffer","data":"wdoWr4CRsTtvwsTxLcC93Xc8MGAy1C+S0xJHXNc9lY4="}},"a64NghkJz1k1k+iGHh1LMBJJIulyQ7R8PN0auGLjuBY=":{"valueMac":{"type":"Buffer","data":"fd7uxRxKowjy6QInqsShNzcekvzm7/A8OpFc1k67C68="}},"UQdePdRMooIFWz35do8aXf1C88N27sRKiwQ2UmBSq5U=":{"valueMac":{"type":"Buffer","data":"Q3nASCFt0dv3f/AcJN6P0dvhIgXcgnFdUxhN1byF6GQ="}},"d6mMj5GKoiPN+oVnfDA0IpFwTxlYg7Zd7/SoFcurcRU=":{"valueMac":{"type":"Buffer","data":"fkppeVOH9IkUaHxKY9bAcso2yuf+3feo9pSUtsASmeo="}},"bF7oc/w+vfQa1oA1fXBEDKLfGYTe1LwFglI2Gi5xEEs=":{"valueMac":{"type":"Buffer","data":"dR0uCpu+1eFcf1syWZc8l1r0M742BD74lxqDK7IhE3o="}},"SkZkAa2KwINvycH+IXxBAg+jFdCrBjPKmxH2Ur3hSnY=":{"valueMac":{"type":"Buffer","data":"R6CCu+ye6bkS9OLKQBNjpZxnPnghDAPsrw2vMavcofU="}},"FmfvdjROYGfucPTkKzWEUjZ8kcyNacb+/aIchBZ1xrE=":{"valueMac":{"type":"Buffer","data":"SQtklnf0XV7c1poXKyA/55g5fAHd+Dzu3Yjio8gwuLM="}},"dtQ01MTh1SBg3S3Gr+97RyOlwtwL/AXh/EqCT0z0LQo=":{"valueMac":{"type":"Buffer","data":"PipO9Q0AUBpRIVN/4pZBWwrg/QgD4Ee8lITU8IioFBM="}},"sQsSuCiQIjZDy1/tyCi1ffbwcuGgYNxymD8uEdJcj6s=":{"valueMac":{"type":"Buffer","data":"2bewyleXGgYWlwjFkX3qN4IY1Z7Ilkm2GdqXnOL9sww="}},"Wu8AjtwEUoTreg79QoZZtWMZrMCfkKctSRFkPH7jXYU=":{"valueMac":{"type":"Buffer","data":"2OgkhHXo/XpvMnBW3OVbecZKI5OiiAXWSNH1KL9YhH4="}}}}