{"version":7,"hash":{"type":"Buffer","data":"m+CTs8PreY6wVgaiaVL+rNYq7MpUZ76YWmM30EK88OSi9b/9y2KOWc5Xzc6tfDjik+xYgFElTixXsZahgqWTJKfKvpT3qDIyMd7cbYxAF6+eObHmxl2bRRZSv3bfYUlRn5jpUfCE8yK/Xje1BALpo+CGlvVfypZMJn9eTjmnckU="},"indexValueMap":{"RrL3MfsrN//L4pr9/pUzk0P9f2iVjW+btNkTxQWlzQ8=":{"valueMac":{"type":"Buffer","data":"ZVdIMK9QlOBwmrBP0bvDHN9UgLCXekyvLIY4KaNXg4s="}},"oNOXIoUFpSyNnCgLZApmN/ySSIlLm+QOlL5q9cckSkk=":{"valueMac":{"type":"Buffer","data":"42xe5XxdHLCimgA5rPS1ZCixN/W5nD8VxJf5eXhLIuI="}},"89rwsVG2TLtgPQ81RJb8lszk9wuYInJuTtehNDofPPs=":{"valueMac":{"type":"Buffer","data":"l5+9c/qHcB4u34zdkMyMvAqcyRYTItm2BMnVw4J4Pr8="}},"eX7qUCTypQmWcNUp8O6gHZo+6CATDJJAe3MPci93oow=":{"valueMac":{"type":"Buffer","data":"xBMzm+02l43wxP2uEMoG7bpwEr9UjZl8Ahc3aEBbbhE="}},"8vvAz59aIbvWp0pHCTgfAl4CQxn+feiQvW/OyCm/iXo=":{"valueMac":{"type":"Buffer","data":"EjPNiTvmSQEXGQ7PxYKDYNpFbElPpLL/j91sIEKDxVI="}},"eE4z8ld/3Z50wfjmYJZ6fHABQ0zc3cOneqfBE7gOBrU=":{"valueMac":{"type":"Buffer","data":"cGMDdNxzzjvhbUc+SY+6l4lXqmnCQ3BzIRbW24CceTg="}},"HG8yXTr1v9huQKJAnKTxXms/F8nE6mUdWnGizdUx/ac=":{"valueMac":{"type":"Buffer","data":"8GolCDgXskc1j23guE49BuiiAWdMaXuLF4B1qdBQpSg="}},"WTZGpGhttEtgtPcAzk96X980IaEEIrAQgQVGlP+1cxE=":{"valueMac":{"type":"Buffer","data":"SZV7krY8rYuDw/POJz6WHbbysibANagWeI12Heqt3aI="}},"rbXpTgdIAUtyIc/e1BQ+o7HgkLfsr/7SC1QJXxKDV2I=":{"valueMac":{"type":"Buffer","data":"yXOQNGeTSKyVWOgZW41e9ZtwZHKQY4OLO3qnDzDuRyE="}},"GCqbGoR12bwczsMTYm9f7VhnPoiSGK7HlpZNuwHR30M=":{"valueMac":{"type":"Buffer","data":"lzoaDexF8xPoPiooNAP8gPx0PlsZcM2GahLFCtbUJ9U="}},"Yrj+DF81Z6h2Ip43qTzvKiK09zBpVidIdcFgqgMDt64=":{"valueMac":{"type":"Buffer","data":"w5Omtl0sfMnBmHciizfWXUv8Kukv+NlUlwyWmn8VCLo="}}}}