{"noiseKey":{"private":{"type":"Buffer","data":"GGxGgrWCBD7Hqx1Q76E/nQAefn9OKe1mhqf6gHGQk20="},"public":{"type":"Buffer","data":"oL+pCJ+9C6xpaXcJVE7DkPZM5/Fk4MJDIdUJ15sSWRA="}},"pairingEphemeralKeyPair":{"private":{"type":"Buffer","data":"wAwgduNjVA7ywgi2YaIkYhCss6qALqH1wFzt1Td4Bkg="},"public":{"type":"Buffer","data":"l0/A8dp7pLGTbg1+GoWNVvfrqKE9mSE910rgjYQAi3A="}},"signedIdentityKey":{"private":{"type":"Buffer","data":"qHqM9A3wm11ZUHTACXATV2QrOPNFYfkdlPyelWSLFnM="},"public":{"type":"Buffer","data":"Qlty/1PFvDStXeYV7JgCMNBDI5Jj/2zsSYUaC1jIoV4="}},"signedPreKey":{"keyPair":{"private":{"type":"Buffer","data":"cIXKkiZyifedOgCK8GK6WetzPwFNyIOzDLEolq7YoWQ="},"public":{"type":"Buffer","data":"vDbWyLvwJbsq4eBPJS0Sq5mgYcSIYJPMb4BSIb1Nz0w="}},"signature":{"type":"Buffer","data":"Fq7rwKCrLRM8TYSym2vTrsLHRrNdIMz+ovjM4Yb56soqPw4P62jwHw/9pFTVTQCaLKIvYgo/+e9bLNJBO8WNgA=="},"keyId":1},"registrationId":242,"advSecretKey":"30hKRLp77yhTu1AQ/GSF3Y69OVFLDITiBpr/u4n1xQQ=","processedHistoryMessages":[{"key":{"remoteJid":"5522998883449@s.whatsapp.net","fromMe":true,"id":"36FF14782215D898AF83D86493D17132"},"messageTimestamp":1739201253},{"key":{"remoteJid":"5522998883449@s.whatsapp.net","fromMe":true,"id":"DBA74AC4338B8DB0D6A1843FBCE765C0"},"messageTimestamp":1739201253},{"key":{"remoteJid":"5522998883449@s.whatsapp.net","fromMe":true,"id":"0A84B915C2EDB78914C556AE2BB6E1B6"},"messageTimestamp":1739201261},{"key":{"remoteJid":"5522998883449@s.whatsapp.net","fromMe":true,"id":"80BB50548D6850DAF48F5091A487089F"},"messageTimestamp":1739201262}],"nextPreKeyId":121,"firstUnuploadedPreKeyId":121,"accountSyncCounter":1,"accountSettings":{"unarchiveChats":false},"registered":false,"account":{"details":"CNLYgLoDENm1qL0GGAEgACgA","accountSignatureKey":"kWZnlSssvqJUarDmZFsVY9/yTmJvD/Ef2hFixuIrFSg=","accountSignature":"m125y9WMw7ZKYnQdSnKukVNWYfjqTocFKVNMwwI0xtheemwydmHcyC8qu/Ul/rjeVQ5URcnRjlX3TFs25DQ5Ag==","deviceSignature":"5hC8eVbMsQPNSEUxb7Ecp2rk+qFidO1PLczf19uEujVy+yqkJWqBidzibyX70BcuyOjK1bwXinxCNSrz/ZERgg=="},"me":{"id":"5522998883449:1@s.whatsapp.net","name":"lethy","lid":"41936647913515:1@lid"},"signalIdentities":[{"identifier":{"name":"5522998883449:1@s.whatsapp.net","deviceId":0},"identifierKey":{"type":"Buffer","data":"BZFmZ5UrLL6iVGqw5mRbFWPf8k5ibw/xH9oRYsbiKxUo"}}],"platform":"smba","routingInfo":{"type":"Buffer","data":"CA0ICA=="},"lastAccountSyncTimestamp":1739466704,"myAppStateKeyId":"AAAAAN26","lastPropHash":"2V77qU"}