[{"senderKeyId":971469012,"senderChainKey":{"iteration":28,"seed":"nkf1wV38FfhlGSI01hRWRSTHFh1OlY/0CP7wFVTf4+Y="},"senderSigningKey":{"public":"BbzJsGnud72YLeOIscVshjRE2QHyDrHZF0dcFTGnL8Nh"},"senderMessageKeys":[]},{"senderKeyId":971469012,"senderChainKey":{"iteration":4,"seed":"DyUqtFr0/6IIZTKUlEgVV8Z33KxzKmeaqmSNzL48pr0="},"senderSigningKey":{"public":"BbzJsGnud72YLeOIscVshjRE2QHyDrHZF0dcFTGnL8Nh"},"senderMessageKeys":[]},{"senderKeyId":971469012,"senderChainKey":{"iteration":6,"seed":"bLwf2/YVmAy0yRY3tiS7kXBP4WQdMdlnwkoVHHN3GTQ="},"senderSigningKey":{"public":"BbzJsGnud72YLeOIscVshjRE2QHyDrHZF0dcFTGnL8Nh"},"senderMessageKeys":[]},{"senderKeyId":971469012,"senderChainKey":{"iteration":14,"seed":"LUlJ0Z/1dZ/N20u+GwEiHJSb87a5qUgQ9RGNKJrzoMw="},"senderSigningKey":{"public":"BbzJsGnud72YLeOIscVshjRE2QHyDrHZF0dcFTGnL8Nh"},"senderMessageKeys":[]}]