{"559887280641@s.whatsapp.net":true,"559886031484@s.whatsapp.net":true,"559885454214@s.whatsapp.net":true,"559884781610@s.whatsapp.net":true,"559884604496@s.whatsapp.net":true,"559884538019@s.whatsapp.net":true,"559884388625@s.whatsapp.net":true,"559884388625:1@s.whatsapp.net":true,"559884388625:6@s.whatsapp.net":true,"559884147858@s.whatsapp.net":true,"559870155922@s.whatsapp.net":true,"556798698880@s.whatsapp.net":true,"553799460024@s.whatsapp.net":true,"553799228907@s.whatsapp.net":true,"553799228907:3@s.whatsapp.net":true,"553798605966@s.whatsapp.net":true,"553798448291@s.whatsapp.net":true,"553798425874@s.whatsapp.net":true,"553798379689@s.whatsapp.net":true,"553798055226@s.whatsapp.net":true,"553798042112@s.whatsapp.net":true,"553788149534@s.whatsapp.net":true,"553788149534:10@s.whatsapp.net":true,"5522998883449@s.whatsapp.net":true}