[{"senderKeyId":729453471,"senderChainKey":{"iteration":1,"seed":"S+cyvnHRd0YnsPqz/hqGI3QFsuk0DT8nnauY0FWdqTw="},"senderSigningKey":{"public":"Be3U64fvRwO8VvMaNX8/LusGEE62nCE9gUM6uq0hEBJC"},"senderMessageKeys":[]},{"senderKeyId":1215506233,"senderChainKey":{"iteration":3,"seed":"uM0rowIkkxt+IcVThotOD/rZh2LEcnWUIzOA89QlbdU="},"senderSigningKey":{"public":"BS4wnWSHndhk/UdkUud6/+cSVZfW9P0h56KFvnplK3Bi"},"senderMessageKeys":[]},{"senderKeyId":1215506233,"senderChainKey":{"iteration":2,"seed":"Q9Ki0HxNWGjMdqLz2+/G3QlTlW6mhETDLw0KrVDjFk0="},"senderSigningKey":{"public":"BS4wnWSHndhk/UdkUud6/+cSVZfW9P0h56KFvnplK3Bi"},"senderMessageKeys":[]},{"senderKeyId":1509013211,"senderChainKey":{"iteration":2,"seed":"8tP6rNnzsbjc8C/FsIHz7DpcMZsU2y2YIMCoBlXnOgQ="},"senderSigningKey":{"public":"BbH3pPAruDxSyVkvCwpb3dVME/OJ+OyeXTUyzziJxvoX"},"senderMessageKeys":[]},{"senderKeyId":1509013211,"senderChainKey":{"iteration":1,"seed":"Orawo5/PNpRdXDoH785cMcCwX7/p+/jA7b1wvMg5yRo="},"senderSigningKey":{"public":"BbH3pPAruDxSyVkvCwpb3dVME/OJ+OyeXTUyzziJxvoX"},"senderMessageKeys":[]}]