[{"senderKeyId":448096517,"senderChainKey":{"iteration":82,"seed":"N7jcP3yLnyvf21LMPxe8wnWsc5UjJPvoi2JkfVsarVU="},"senderSigningKey":{"public":"BdiJi3cAgwMz0WsxPa2RU6dVWV7M9o1vb3oZEwGI2hEn"},"senderMessageKeys":[]},{"senderKeyId":448096517,"senderChainKey":{"iteration":79,"seed":"g0mgUFHQZd4MyNG+H26kbMXANO6AWS5oweI5fQdGbiA="},"senderSigningKey":{"public":"BdiJi3cAgwMz0WsxPa2RU6dVWV7M9o1vb3oZEwGI2hEn"},"senderMessageKeys":[]},{"senderKeyId":448096517,"senderChainKey":{"iteration":79,"seed":"g0mgUFHQZd4MyNG+H26kbMXANO6AWS5oweI5fQdGbiA="},"senderSigningKey":{"public":"BdiJi3cAgwMz0WsxPa2RU6dVWV7M9o1vb3oZEwGI2hEn"},"senderMessageKeys":[]}]