[{"senderKeyId":2143312994,"senderChainKey":{"iteration":21,"seed":"Annh2fDBw7dKWKSaGQ7ZO2aW6xJXJaiqt7or5H8qL50="},"senderSigningKey":{"public":"BVP4dld21FczA3KBFUOO4ee8Sz/tw8MDAGuuM10h+7J9"},"senderMessageKeys":[]},{"senderKeyId":2143312994,"senderChainKey":{"iteration":11,"seed":"y/5NoUaiDg42PrIbGdlgDi8fosCc9WljQorg8UY3dNY="},"senderSigningKey":{"public":"BVP4dld21FczA3KBFUOO4ee8Sz/tw8MDAGuuM10h+7J9"},"senderMessageKeys":[]},{"senderKeyId":2143312994,"senderChainKey":{"iteration":17,"seed":"lNzEiLSZOyji8bJ27ZS52fqd8qy5JI0shcUaDFzQg9s="},"senderSigningKey":{"public":"BVP4dld21FczA3KBFUOO4ee8Sz/tw8MDAGuuM10h+7J9"},"senderMessageKeys":[]},{"senderKeyId":2143312994,"senderChainKey":{"iteration":19,"seed":"SVTutiKx5hm9iRZ5RZNpmguJgZWaJBvI+3y+IbWst3Y="},"senderSigningKey":{"public":"BVP4dld21FczA3KBFUOO4ee8Sz/tw8MDAGuuM10h+7J9"},"senderMessageKeys":[]},{"senderKeyId":245006964,"senderChainKey":{"iteration":1,"seed":"IX03Al/YN/EIXxdJS7m5S1JqsQaO9B939XbL5zpX4VI="},"senderSigningKey":{"public":"BVdov0ToiHK9CkUevUSkQjRpTBjFJT5Npdhu7AeALGo/"},"senderMessageKeys":[]}]