[{"senderKeyId":1330643166,"senderChainKey":{"iteration":3,"seed":"XjU+0AeqHzKNuUAZn6lfsOoCuFpGR2cyG0DCjxwUHvM="},"senderSigningKey":{"public":"BQruou6QU1onLQaDDfdBiBxlLitJxRX4ajf4jl6XJoMS"},"senderMessageKeys":[]},{"senderKeyId":1330643166,"senderChainKey":{"iteration":2,"seed":"zPFpK6zJoOTsylLYapHccaU3MAk5IQZCv++NhL6XfUw="},"senderSigningKey":{"public":"BQruou6QU1onLQaDDfdBiBxlLitJxRX4ajf4jl6XJoMS"},"senderMessageKeys":[]},{"senderKeyId":2008826542,"senderChainKey":{"iteration":1,"seed":"I9ppyqMu46Y1KP/RCKZwiauHc1stGOBufrYacFEfCfk="},"senderSigningKey":{"public":"BRKMB0kpOsjca9qFRKYI6XGkD6BGN/gPkIcHoMdxt3Vh"},"senderMessageKeys":[]},{"senderKeyId":1202475645,"senderChainKey":{"iteration":2,"seed":"m66jkM30DdsxrI4TAYXarmtUZt98v47ujqZiBhAXWWw="},"senderSigningKey":{"public":"BX4SgaJRq2J9U3VMebiK82TLubh7pe+FFeUmId8p6eYB"},"senderMessageKeys":[]},{"senderKeyId":1202475645,"senderChainKey":{"iteration":1,"seed":"3jThgp3cDmuVsaUSG4IF7WXxOTufSxGBNn5Cm7wM/kY="},"senderSigningKey":{"public":"BX4SgaJRq2J9U3VMebiK82TLubh7pe+FFeUmId8p6eYB"},"senderMessageKeys":[]}]