[{"senderKeyId":1598643816,"senderChainKey":{"iteration":6,"seed":"30/Vq8w9/RPAk0ddszqq458KDl2BBfLA1HM6iH8sVgg="},"senderSigningKey":{"public":"BcOWUlBggpZhtaV4ikAwFI5wgPFE4YwD3WS19EVdAFpr"},"senderMessageKeys":[]},{"senderKeyId":1837280242,"senderChainKey":{"iteration":18,"seed":"Xc6SCf9+B1iWBdUrfhv1n+MXUQ1QzWj6TdAlEqQs1Es="},"senderSigningKey":{"public":"BaFBj+7+j69HYkdSnQDj2g/YduyQHbwFlskzf0j4KUdy"},"senderMessageKeys":[]},{"senderKeyId":1837280242,"senderChainKey":{"iteration":2,"seed":"SaguV/bRtZcSmz/MALXxSFm+nHAGkzWkjJGG3fWuPZg="},"senderSigningKey":{"public":"BaFBj+7+j69HYkdSnQDj2g/YduyQHbwFlskzf0j4KUdy"},"senderMessageKeys":[]},{"senderKeyId":1837280242,"senderChainKey":{"iteration":8,"seed":"ZAHaBBjC74j09caMtGVu5QFuQmUELJa3YkUVKuhiPn8="},"senderSigningKey":{"public":"BaFBj+7+j69HYkdSnQDj2g/YduyQHbwFlskzf0j4KUdy"},"senderMessageKeys":[]},{"senderKeyId":1837280242,"senderChainKey":{"iteration":12,"seed":"rDNlj+UrhzzdAZl3KrwY7NmQC8uepuSuUoOU8HuYQzo="},"senderSigningKey":{"public":"BaFBj+7+j69HYkdSnQDj2g/YduyQHbwFlskzf0j4KUdy"},"senderMessageKeys":[]}]