[{"senderKeyId":1675833083,"senderChainKey":{"iteration":1,"seed":"TR4XmjKpTnhE13hV6FlRF3Q0HxZdC3oGmenapgM8/1g="},"senderSigningKey":{"public":"Ba3RHSmdsx+ahIjvbmoTbn6whDPbxiKAVokRFMiB/wgI"},"senderMessageKeys":[]},{"senderKeyId":1142439852,"senderChainKey":{"iteration":2,"seed":"OnrZ0w6rLaHfh+L9fvY5kDYw3Ajqz5g7FpA9wf/u3nI="},"senderSigningKey":{"public":"BbrGNPNtzj0JKSaaCk7WESYwO+lMdWiMwARjqDaKnwUq"},"senderMessageKeys":[]},{"senderKeyId":170120533,"senderChainKey":{"iteration":1,"seed":"8QH92oOlLVRQYMYFFefCrJpNjuD3+w9PPQ4b5/3cUlw="},"senderSigningKey":{"public":"BUge0/oNonF/tVgu5YwF1XOmk8YSU/T8D8nSukAaCmNX"},"senderMessageKeys":[]}]