[{"senderKeyId":694885277,"senderChainKey":{"iteration":1,"seed":"fvALsroYWRBE4OMhihUXDBybn6EvUvremP1r6R5sY/w="},"senderSigningKey":{"public":"BSYa8rrcH+2ZTxQHNlhAv3+7Fw/dfq+sq86zxB6b3kA7"},"senderMessageKeys":[]},{"senderKeyId":341978124,"senderChainKey":{"iteration":1,"seed":"Yx5klkpJNFPPeEYtUeF1lSALgiWOrGwM1rWddnEamvw="},"senderSigningKey":{"public":"BZ5w3o64U6pB8TAQXzLoeGyuz0KsOnkTCfNJzn14W8dr"},"senderMessageKeys":[]},{"senderKeyId":1576905888,"senderChainKey":{"iteration":2,"seed":"aNV2TlUQAXa1tufYWLhlgdOLRiMKb1s48VJwlMCQdWs="},"senderSigningKey":{"public":"Bapn+2AN/2OKZf0Wb4pJtC3PTzHeyZmGLLERQaafIbI1"},"senderMessageKeys":[]},{"senderKeyId":723119062,"senderChainKey":{"iteration":1,"seed":"PZQPI+s+SQxvDIbrD6Y8fu9vfwkDFEWfaMFt05MYqtc="},"senderSigningKey":{"public":"BVCV7LxMzsR+/ufPudztA3srCRUl5eO44x7ddvAdaKhL"},"senderMessageKeys":[]},{"senderKeyId":1302123032,"senderChainKey":{"iteration":1,"seed":"lmmQWbm9b7GvsaMdoEazub/CJrjlaoosOcbYalNArpM="},"senderSigningKey":{"public":"Bcz4UCRriYMfA+qjgn31KRKfCS7opZCji6Ht8+rMa0VL"},"senderMessageKeys":[]}]