[{"senderKeyId":399646798,"senderChainKey":{"iteration":2,"seed":"pPUDkKecEfLIn/0Abxj+A3e0E7Gag7v1DppLPg7xj7Y="},"senderSigningKey":{"public":"BYdf2U1rhQXdyyoHWY3ICig4Lrjj+Kygo6WZ6Rm4Vjlz"},"senderMessageKeys":[]},{"senderKeyId":399646798,"senderChainKey":{"iteration":3,"seed":"sNa8FKgHyzrpCrnfJpNs06ovrotsr0OGDsLgb1VxY8s="},"senderSigningKey":{"public":"BYdf2U1rhQXdyyoHWY3ICig4Lrjj+Kygo6WZ6Rm4Vjlz"},"senderMessageKeys":[]},{"senderKeyId":1245440733,"senderChainKey":{"iteration":21,"seed":"LF3MZrMZwm69NUjhZB3mfRPGrNfsD7mKp+hb9WHhq9U="},"senderSigningKey":{"public":"BTqjbkESTiqTPT6IyUSs++MJklBPb1gIKLrWJMbuwWNe"},"senderMessageKeys":[{}]},{"senderKeyId":1245440733,"senderChainKey":{"iteration":10,"seed":"AKtnLCeIeNmxX0XP4D6T/xSUXAot7wArILD/3HZ3GhY="},"senderSigningKey":{"public":"BTqjbkESTiqTPT6IyUSs++MJklBPb1gIKLrWJMbuwWNe"},"senderMessageKeys":[]},{"senderKeyId":1245440733,"senderChainKey":{"iteration":12,"seed":"I1K5rA+FiCsfOyDI/LgvgqiI5v69ZnHHuTrvN8gWjQo="},"senderSigningKey":{"public":"BTqjbkESTiqTPT6IyUSs++MJklBPb1gIKLrWJMbuwWNe"},"senderMessageKeys":[]}]