{"_sessions":{"BdzaDuMj+Plu6psDjHHrxz4IZRSP4cS+uLPYTVUIQeo0":{"registrationId":727063671,"currentRatchet":{"ephemeralKeyPair":{"pubKey":"BXbUUjiunpFWUd8r1PsiK3i8YptI8WzOEcP1MjeXQrpA","privKey":"eJYUH0nsGqMGAEfBT2LtJ0TFm1e7y7p7wAU0cO86bUw="},"lastRemoteEphemeralKey":"BdGjsFL7b8gNmQI0O9s6il5mGLjYhQ8H8CdhCQota947","previousCounter":0,"rootKey":"M6zscPfJfqr7DOKu/t2WC4n2z/KFc0OG4Blel/91gNo="},"indexInfo":{"baseKey":"BdzaDuMj+Plu6psDjHHrxz4IZRSP4cS+uLPYTVUIQeo0","baseKeyType":1,"closed":1739209250829,"used":1739202034987,"created":1739202034987,"remoteIdentityKey":"BZxHdocdjXC0rlGk9v47XZ+gL8Eh0iPPCdDFoEbErJdl"},"_chains":{"BXbUUjiunpFWUd8r1PsiK3i8YptI8WzOEcP1MjeXQrpA":{"chainKey":{"counter":0,"key":"3VZu/lq85EDPo+PotqRKC3/S+7Dhu9ChzYK+NQTmG8U="},"chainType":1,"messageKeys":{}}},"pendingPreKey":{"signedKeyId":4,"baseKey":"BdzaDuMj+Plu6psDjHHrxz4IZRSP4cS+uLPYTVUIQeo0","preKeyId":12870418}},"BXK+Hgtdiv+GU33clYR/L2uEDqiWMQskVbGMF4jjyaxM":{"registrationId":727063671,"currentRatchet":{"ephemeralKeyPair":{"pubKey":"BdAlLAzcsOGAnvJggWGCSAeP/cAysfQhjvPmZdy9xORF","privKey":"wIYNtPL58y04ro9Q1VYyGz76wnMRkNjobU14yPM8Y3c="},"lastRemoteEphemeralKey":"BYqJHho6KC0mxZ6PcxkhGANbjr/RW8qr5ufiwV9MXix7","previousCounter":0,"rootKey":"VSa4RMeiWGTLWQylAhtoQBFtXMCdMtqt6UnVl781xgg="},"indexInfo":{"baseKey":"BXK+Hgtdiv+GU33clYR/L2uEDqiWMQskVbGMF4jjyaxM","baseKeyType":2,"closed":1739226393735,"used":1739209250838,"created":1739209250838,"remoteIdentityKey":"BZxHdocdjXC0rlGk9v47XZ+gL8Eh0iPPCdDFoEbErJdl"},"_chains":{"BYqJHho6KC0mxZ6PcxkhGANbjr/RW8qr5ufiwV9MXix7":{"chainKey":{"counter":0,"key":"MUp1BOrYlwKUwpWlINR/AdEV0rtCkqxXHwSyg2pWyFU="},"chainType":2,"messageKeys":{}},"BdAlLAzcsOGAnvJggWGCSAeP/cAysfQhjvPmZdy9xORF":{"chainKey":{"counter":-1,"key":"OYt5ygMwr5DrprL0B/AfZe8ruk+9bmGzNnItUG89mmY="},"chainType":1,"messageKeys":{}}}},"BbbOpn6h28IbEZCL1zhabmP0jYQqKKp40Tm0L5jtvvcS":{"registrationId":727063671,"currentRatchet":{"ephemeralKeyPair":{"pubKey":"BZnR7z6Jt3+AeuviQj6cy8fr4wkb1WEvsO3qL/1/5+Md","privKey":"+DoicvWdC0WtXEIe8d3QhBgtrJBm9NHkBQsrGReZm3Q="},"lastRemoteEphemeralKey":"BQBODT8i+FGThH8sfXnyZ+JJQGjnHvOpFioWgtOH/O88","previousCounter":0,"rootKey":"L92I7QlGdoLTzriq1jH0ahXN7QXu4qmwz2aVkGCnsow="},"indexInfo":{"baseKey":"BbbOpn6h28IbEZCL1zhabmP0jYQqKKp40Tm0L5jtvvcS","baseKeyType":2,"closed":-1,"used":1739226393737,"created":1739226393737,"remoteIdentityKey":"BZxHdocdjXC0rlGk9v47XZ+gL8Eh0iPPCdDFoEbErJdl"},"_chains":{"BQBODT8i+FGThH8sfXnyZ+JJQGjnHvOpFioWgtOH/O88":{"chainKey":{"counter":9,"key":"Pbvr1jg/s8RtI09EifrVrBj4owBUM5+6n/gj8KHNsLU="},"chainType":2,"messageKeys":{"1":"2X9iR3Nt62BbGLYo8cKP0dHy4rHUAJYehFn/2Qf/bV4=","8":"VHI7iC7gSp154Plw2G/d4YF2nJOetFToQFddjtkY908="}},"BZnR7z6Jt3+AeuviQj6cy8fr4wkb1WEvsO3qL/1/5+Md":{"chainKey":{"counter":-1,"key":"5Gq7OUqxqV+AKA6WJpBfkI8Ymxg1uW4JOjy3gYglkCs="},"chainType":1,"messageKeys":{}}}}},"version":"v1"}