{"_sessions":{"BRyRZMxJBlIWlIvIzASo1Qj7X6tlBhpkrs6t9OIG8mJ1":{"registrationId":311390366,"currentRatchet":{"ephemeralKeyPair":{"pubKey":"BYTgxP4yMjrqSe7Nanvdi88eW5g8MQ/6WarCD1Sa74Fs","privKey":"YP7WOUElRBv9lC2W0oXIVAcvX+Jp7QY6UKch10YOiUc="},"lastRemoteEphemeralKey":"Bf5wRIoRkuhnPCF8W8dETE1fSPats4fgLmkmYnstQ3tF","previousCounter":0,"rootKey":"4YCL/1DrMb4vKq+hZgyt8eHB/eSXBjSXNszadbRiLHA="},"indexInfo":{"baseKey":"BRyRZMxJBlIWlIvIzASo1Qj7X6tlBhpkrs6t9OIG8mJ1","baseKeyType":1,"closed":-1,"used":1739202035000,"created":1739202035000,"remoteIdentityKey":"BZyUf7l2UPZ6PXPTfPoy/iFtT1JAPHWZIDDDryQ/4H88"},"_chains":{"BYTgxP4yMjrqSe7Nanvdi88eW5g8MQ/6WarCD1Sa74Fs":{"chainKey":{"counter":0,"key":"AkrSJ4fnT5Qr/vYmjViMkpsSrzmQ7FM16+Aakfbzz3c="},"chainType":1,"messageKeys":{}}},"pendingPreKey":{"signedKeyId":9,"baseKey":"BRyRZMxJBlIWlIvIzASo1Qj7X6tlBhpkrs6t9OIG8mJ1","preKeyId":2884204}}},"version":"v1"}