{"_sessions":{"BXkL58yn96i86YIMhUMOjTXznNyiyq6OSWBQSmHjiXp0":{"registrationId":1915511069,"currentRatchet":{"ephemeralKeyPair":{"pubKey":"BeezLhyId+3MZ4FszXaFIzl1RzBDr+m6TuniVelse3xN","privKey":"SEm2qUYFXZZoXbrO0V/Fp0a8CMNA39JEJU5/Du2lUXk="},"lastRemoteEphemeralKey":"BeomhGWa3SUOExciVNf92iBGErt1Rp9JhaD1P1WPL1FW","previousCounter":0,"rootKey":"F61hMP+VKDcbCUzigz03j1VRzhBgb+8ZQXfiRF9NbV4="},"indexInfo":{"baseKey":"BXkL58yn96i86YIMhUMOjTXznNyiyq6OSWBQSmHjiXp0","baseKeyType":1,"closed":-1,"used":1739202034967,"created":1739202034967,"remoteIdentityKey":"BWVK28Pk1ozcqMXgyNsE90AiB96MbHfF7hCRl9F/7E4u"},"_chains":{"BeezLhyId+3MZ4FszXaFIzl1RzBDr+m6TuniVelse3xN":{"chainKey":{"counter":0,"key":"Zrf+xvENCTQ+mF2QlMRkhRMQa3U7SdGLWWyxFPxtsg8="},"chainType":1,"messageKeys":{}}},"pendingPreKey":{"signedKeyId":27,"baseKey":"BXkL58yn96i86YIMhUMOjTXznNyiyq6OSWBQSmHjiXp0","preKeyId":2639878}}},"version":"v1"}