{"_sessions":{"BVb1SPWSuSQSJNAuD9XfTyZmIHa3g2rqvk/7niB/gwxb":{"registrationId":5429,"currentRatchet":{"ephemeralKeyPair":{"pubKey":"BXzfl6FiUDTsHKxwHa7kcQUS9ZDEHA+dlucSMigC/8ER","privKey":"QCtX8ir2rvEciDIvU73AUSlLUJ0mHRXe17bQRC1PgEQ="},"lastRemoteEphemeralKey":"BVZagkB74faPRnBpZWOfWtEGR5Qbt4PGRbRM7kVqO3M9","previousCounter":0,"rootKey":"EvFvbZpOAwqNWOXVH0YxRBBaKbHxr13ue4Ms54zN9qo="},"indexInfo":{"baseKey":"BVb1SPWSuSQSJNAuD9XfTyZmIHa3g2rqvk/7niB/gwxb","baseKeyType":1,"closed":-1,"used":1739202034961,"created":1739202034961,"remoteIdentityKey":"BTIvTza2sBhCjEgoof8pBTwz1Em3P0mxauFVd/5M5OV8"},"_chains":{"BXzfl6FiUDTsHKxwHa7kcQUS9ZDEHA+dlucSMigC/8ER":{"chainKey":{"counter":0,"key":"DbeUturOpNjwULJLWuVe25O9gbhHAZHvGcGeVLftD3A="},"chainType":1,"messageKeys":{}}},"pendingPreKey":{"signedKeyId":6,"baseKey":"BVb1SPWSuSQSJNAuD9XfTyZmIHa3g2rqvk/7niB/gwxb"}}},"version":"v1"}