{"_sessions":{"BesXwI/JriNu80zArYXSd33Bs7bDq+PZc3vsa83vLRZ5":{"registrationId":5443,"currentRatchet":{"ephemeralKeyPair":{"pubKey":"BSYi4ZPsUnzRLL5rBVokgZMrgzP0E7czgF2xbsXTNosE","privKey":"iNJ7Ctgb2QtM752Zzwf8Lm/+7AkSZp3mrV560TJa7lw="},"lastRemoteEphemeralKey":"BYyyKUbbVuMT7b1Jl2/L7otrTJlaINKe/re4FHyEUfJC","previousCounter":0,"rootKey":"3pVDmjs5V1JbSIHzTodbWArEdTcnxd1RhyT1ayWRV3c="},"indexInfo":{"baseKey":"BesXwI/JriNu80zArYXSd33Bs7bDq+PZc3vsa83vLRZ5","baseKeyType":1,"closed":-1,"used":1739202034954,"created":1739202034954,"remoteIdentityKey":"Bf/4qgvtt6LyQt88H2a83ZxyJlaQRABEEacM/JRlhFxj"},"_chains":{"BSYi4ZPsUnzRLL5rBVokgZMrgzP0E7czgF2xbsXTNosE":{"chainKey":{"counter":0,"key":"jB1QxN3N8g+qUysK1LDgYW2ya5PF1MnGK/3ZdsO6AKk="},"chainType":1,"messageKeys":{}}},"pendingPreKey":{"signedKeyId":1,"baseKey":"BesXwI/JriNu80zArYXSd33Bs7bDq+PZc3vsa83vLRZ5"}}},"version":"v1"}