{"_sessions":{"BRQloaEGdHG/A3hx+3V7DRvizi49FC1b60j73lCv3KtG":{"registrationId":2056194744,"currentRatchet":{"ephemeralKeyPair":{"pubKey":"BSS7ZzSlwf9iOY2e3/AxbFCSc4eUp2USFxkE5DkR1Ylc","privKey":"UNS/nyZNyJvbi4//iwXJj6VuuTSYavbKiIlmbZZ6PW8="},"lastRemoteEphemeralKey":"BedVsv9WY/ZKFtPW+WKZnr5fbbrdrfsJq/ro52uWs9Aq","previousCounter":0,"rootKey":"hbtPGiNBFfqqcMDskWIqmZSUpiJ+tjVIwVyghngwjOU="},"indexInfo":{"baseKey":"BRQloaEGdHG/A3hx+3V7DRvizi49FC1b60j73lCv3KtG","baseKeyType":2,"closed":-1,"used":1739204254387,"created":1739204254387,"remoteIdentityKey":"BZSX2RRjeYIto4R/KmOncn9HoSphlwWWpiI4T5mom04+"},"_chains":{"BedVsv9WY/ZKFtPW+WKZnr5fbbrdrfsJq/ro52uWs9Aq":{"chainKey":{"counter":9,"key":"d+XtcgKe9FD9i6UZHQ3+mxLo6pukkgT4yEF/upAIABM="},"chainType":2,"messageKeys":{}},"BSS7ZzSlwf9iOY2e3/AxbFCSc4eUp2USFxkE5DkR1Ylc":{"chainKey":{"counter":-1,"key":"i4Fn/eiC/iF8AIA+1rBpJjXYy0OQzP9BItDUsmBYp90="},"chainType":1,"messageKeys":{}}}}},"version":"v1"}