{"_sessions":{"BW81C2lXQ5OyZbLxQcvr8fYeCLj5PHGOIwvNtK3cfLUL":{"registrationId":1432077955,"currentRatchet":{"ephemeralKeyPair":{"pubKey":"BVYjHt+6ifJHzXAAaXhyJ53GhtrV1R+tMzbgH2EVQnZh","privKey":"MJWeUEfY+UbhMWNQhXQg0sW9ap3zh8lr+3vIgH6IxFg="},"lastRemoteEphemeralKey":"Bc4n+HtGgba21RlCshUFVmy633aDhT/i2dAIEetMJTpU","previousCounter":0,"rootKey":"FVVQ+HVpk61RgFWXjk8FfG+mjRPf01zEDSPjVlvPf48="},"indexInfo":{"baseKey":"BW81C2lXQ5OyZbLxQcvr8fYeCLj5PHGOIwvNtK3cfLUL","baseKeyType":2,"closed":-1,"used":1739347085546,"created":1739347085545,"remoteIdentityKey":"BStsEq/LkDVteMs6rTABSjjAxFo1OCY63xinp36kIbBL"},"_chains":{"Bc4n+HtGgba21RlCshUFVmy633aDhT/i2dAIEetMJTpU":{"chainKey":{"counter":5,"key":"MGT/rXnqSLnFc33kDUs04+hHGuvMH8D0WAWaMj40PLo="},"chainType":2,"messageKeys":{"0":"c1twMMs5oIdhHJpAqZkyjp2KrAolzuDNjGxB36RuYVg=","1":"mPYABHE0Vg7yf1sK/AtWlIgJMvnNQNuNq8fd92nG52U="}},"BVYjHt+6ifJHzXAAaXhyJ53GhtrV1R+tMzbgH2EVQnZh":{"chainKey":{"counter":-1,"key":"MSU6nwvTTjdxm9MgRqqEAySh8Vnikeyw/2ZTCavfhAs="},"chainType":1,"messageKeys":{}}}}},"version":"v1"}