{"_sessions":{"BUY7y5iFsqsZPkKtEj+Klojlrz0Sp2/5aDR0Pusz4INZ":{"registrationId":165800377,"currentRatchet":{"ephemeralKeyPair":{"pubKey":"BYzmNgR4FgRucdNgAMs88VlvM7whiHLRX/1XES+WnesA","privKey":"ULEY1SmAuH5ijBjhyeJFgt/vy0UoKXlC4KMbQHpIeFY="},"lastRemoteEphemeralKey":"BZ9j786w08EL/xucOFjrExkcn+bXwIfRfWxuL8KDOAdF","previousCounter":0,"rootKey":"ZE06F29yuwLtBJex/H3oV6/z/sV/CG4eFQNCn4ZAkQs="},"indexInfo":{"baseKey":"BUY7y5iFsqsZPkKtEj+Klojlrz0Sp2/5aDR0Pusz4INZ","baseKeyType":2,"closed":-1,"used":1739391761349,"created":1739391761348,"remoteIdentityKey":"BaDvsGfoHtt41IWYvlxJx4Ime8huNFTrJYOlHget+0kl"},"_chains":{"BZ9j786w08EL/xucOFjrExkcn+bXwIfRfWxuL8KDOAdF":{"chainKey":{"counter":0,"key":"KjOhsDowlhVdAOFf0f+VKF4YfoOPuuPVOHiFIoTLHV0="},"chainType":2,"messageKeys":{}},"BYzmNgR4FgRucdNgAMs88VlvM7whiHLRX/1XES+WnesA":{"chainKey":{"counter":-1,"key":"I1I8Alq1awUoGjqSvaqc0B/gcxNJ7guYJ7u2fO+b7O0="},"chainType":1,"messageKeys":{}}}}},"version":"v1"}