{"_sessions":{"BY7kxPTsUy9XzApy7poAoJkKnU+xTRVwUmqSOpZJJ9gJ":{"registrationId":1733864157,"currentRatchet":{"ephemeralKeyPair":{"pubKey":"BeuOzCZPVwt5Jj4SvUl10X+GQMfPlb5nbtRzIv/EmydN","privKey":"+F8gJI7ZIDG9diuhmGgV8r808lEOb/66v2a+5yBL024="},"lastRemoteEphemeralKey":"BY38PXlFaJpD2VJ++8KPPWYBaexJTjLsb/BdS2ud8fc7","previousCounter":0,"rootKey":"ZZvBkH+IHQKMpMDMSphf/WEhUvIRwj80ILNvYikWFHY="},"indexInfo":{"baseKey":"BY7kxPTsUy9XzApy7poAoJkKnU+xTRVwUmqSOpZJJ9gJ","baseKeyType":1,"closed":-1,"used":1739202034974,"created":1739202034974,"remoteIdentityKey":"BbCOWbl5a/WEzZnpMCV/MeiH/NUPc5dfOORn5Lm23mdS"},"_chains":{"BeuOzCZPVwt5Jj4SvUl10X+GQMfPlb5nbtRzIv/EmydN":{"chainKey":{"counter":0,"key":"1EUYbAx3TZA8UaHVYDATPUFx+Z3U2X5l5j5v2B4Pn7A="},"chainType":1,"messageKeys":{}}},"pendingPreKey":{"signedKeyId":14,"baseKey":"BY7kxPTsUy9XzApy7poAoJkKnU+xTRVwUmqSOpZJJ9gJ","preKeyId":5975604}}},"version":"v1"}