{"_sessions":{"BaajuZBlemgykc2/7yZnCditir2MxOrI+YIbQYwkBA4Z":{"registrationId":1691495931,"currentRatchet":{"ephemeralKeyPair":{"pubKey":"BYjHtlYkrS5MDSmjtVV5PZA44Qs1VCn0/QsXmRG03hRE","privKey":"INVTLDHKUoRLLh9mIOa16QxvWHi9dLfNWO8gfSDSIHA="},"lastRemoteEphemeralKey":"BY9eRE5Vc3FdBuq4Tb7XQWdKthC8uBPHbe2ocvPJF6Fb","previousCounter":0,"rootKey":"z0J9dURG8mLNH3QAJ4ZmPv+z3Uo5/hDNpQ64HgX5yIg="},"indexInfo":{"baseKey":"BaajuZBlemgykc2/7yZnCditir2MxOrI+YIbQYwkBA4Z","baseKeyType":1,"closed":-1,"used":1739202035016,"created":1739202035016,"remoteIdentityKey":"BeMHj1jjExXyGeC9pH9cZf0wQxTaw56RpZZCnx4Ipwkn"},"_chains":{"BYjHtlYkrS5MDSmjtVV5PZA44Qs1VCn0/QsXmRG03hRE":{"chainKey":{"counter":0,"key":"8aDGuF1VQKAbhmJw1mBqhOM1k2w7+nRApeol8Ru38CA="},"chainType":1,"messageKeys":{}}},"pendingPreKey":{"signedKeyId":6806209,"baseKey":"BaajuZBlemgykc2/7yZnCditir2MxOrI+YIbQYwkBA4Z","preKeyId":2892}}},"version":"v1"}