{"_sessions":{"BTVLHirwAgqfyTxwgjolfq15B5gUGkSIWKsalvyrIVoA":{"registrationId":8439,"currentRatchet":{"ephemeralKeyPair":{"pubKey":"BZ0p5yFEVKrBPLyxI/XfNbxo6iuPCls7288eSrEZAtcX","privKey":"MOuHkT9vY1h+UKgk1Pj3pGCDp3ADzvNHYt4DUBHdg0U="},"lastRemoteEphemeralKey":"BReTZMK0wfwzN/KaypnSEqYuWZkaipX8051FnhdoRElq","previousCounter":0,"rootKey":"fniIAyhxNQl6WnOw0EdH5u343M3gyTKY/bHcQNpKMOk="},"indexInfo":{"baseKey":"BTVLHirwAgqfyTxwgjolfq15B5gUGkSIWKsalvyrIVoA","baseKeyType":2,"closed":-1,"used":1739295257183,"created":1739295257183,"remoteIdentityKey":"BTPQUB3iSCw8oe+aTHJSEamC3ko41gUwg3atXbVlgnoD"},"_chains":{"BReTZMK0wfwzN/KaypnSEqYuWZkaipX8051FnhdoRElq":{"chainKey":{"counter":1,"key":"oaSskqzCC5+y4YwprZAoNVZ06ey7OO+fRDgR/z7U2GA="},"chainType":2,"messageKeys":{}},"BZ0p5yFEVKrBPLyxI/XfNbxo6iuPCls7288eSrEZAtcX":{"chainKey":{"counter":-1,"key":"yN48iqhz1sKeTU27V/OiO6HHLxneKzN5/duN/6EkmXk="},"chainType":1,"messageKeys":{}}}}},"version":"v1"}