{"_sessions":{"BX4/Dvh4w9ftTIvJdXnTnKrvwVtYReDIuJoekrpwWWpE":{"registrationId":1172476715,"currentRatchet":{"ephemeralKeyPair":{"pubKey":"BYZYv0JUw5UqyyM50V7DyrNGU9uC1g+wbouCUk7MgS4Q","privKey":"wDVX9rOZORN2l6oTksOzbnT306TD6HmesgiM/1+a528="},"lastRemoteEphemeralKey":"BfgXIygxk86WKQhFlmNJIxKO/J1hm6quIk/+kifJp7o3","previousCounter":0,"rootKey":"n6M6omVtNRwQBvvb3M+dA+obBOxJqKK0jarnrB2/XUU="},"indexInfo":{"baseKey":"BX4/Dvh4w9ftTIvJdXnTnKrvwVtYReDIuJoekrpwWWpE","baseKeyType":1,"closed":1739304082113,"used":1739202035003,"created":1739202035003,"remoteIdentityKey":"BX8pDy+yA3HIh6o9S0cQgRcJwT2YgtGBAF5Ij3zHDShg"},"_chains":{"BYZYv0JUw5UqyyM50V7DyrNGU9uC1g+wbouCUk7MgS4Q":{"chainKey":{"counter":0,"key":"nxZG07DUPNkepls4q0r7d8eiVk6l736z0ysmtE9Cix4="},"chainType":1,"messageKeys":{}}},"pendingPreKey":{"signedKeyId":1,"baseKey":"BX4/Dvh4w9ftTIvJdXnTnKrvwVtYReDIuJoekrpwWWpE","preKeyId":12014142}},"BajHfGunQF5HoTUnD1JsJ+ilNN8CG5tzpeufJJPCrl4b":{"registrationId":1172476715,"currentRatchet":{"ephemeralKeyPair":{"pubKey":"BdA7FD+HR1TUsDDPp7ZnNlhNjlatqfrP86EOLABoNxxq","privKey":"OJUe08JH7qG+qip23kq1vv6jQNRccH4Ek1ioj5E030w="},"lastRemoteEphemeralKey":"BT0DCJI4AdlLHO/heTOJPs7npm3r47jAYhvErrgcKBFb","previousCounter":0,"rootKey":"W9oB8hJK8E+4jd8ipxIZOv1tvTjWAiaGFiHZX8OFSWY="},"indexInfo":{"baseKey":"BajHfGunQF5HoTUnD1JsJ+ilNN8CG5tzpeufJJPCrl4b","baseKeyType":2,"closed":-1,"used":1739304082127,"created":1739304082127,"remoteIdentityKey":"BX8pDy+yA3HIh6o9S0cQgRcJwT2YgtGBAF5Ij3zHDShg"},"_chains":{"BT0DCJI4AdlLHO/heTOJPs7npm3r47jAYhvErrgcKBFb":{"chainKey":{"counter":4,"key":"GtbePDpKsCdUz2mhtuWXD86DdXwaIgLwJEWvtbCf0pY="},"chainType":2,"messageKeys":{}},"BdA7FD+HR1TUsDDPp7ZnNlhNjlatqfrP86EOLABoNxxq":{"chainKey":{"counter":-1,"key":"TuiVedrRcueCu5WMGT5IszZg37ZGZF/DPbxRsvBXGU8="},"chainType":1,"messageKeys":{}}}}},"version":"v1"}