{"_sessions":{"BRerFVkjUDerzv0hJrKx1iCUd18B6JQw29+vevA9d1Ec":{"registrationId":1602767380,"currentRatchet":{"ephemeralKeyPair":{"pubKey":"BZJqpKJSSHH/S0xzyktTJDspcEL4+xrltsD9eOk9t1Bf","privKey":"aKuskyJx+iq5jIH63txGt+I7dWJmetnwjqmoXHtcdHg="},"lastRemoteEphemeralKey":"Bauy+7R9AmRsxLuVDkMzIi52nfClf7iRa8qRyo1l/3QC","previousCounter":0,"rootKey":"iaN1HXCxVw2K8x8kkhKnVRNbdm4XqpmQ3g1cdd3v0q8="},"indexInfo":{"baseKey":"BRerFVkjUDerzv0hJrKx1iCUd18B6JQw29+vevA9d1Ec","baseKeyType":2,"closed":-1,"used":1739278727891,"created":1739278727891,"remoteIdentityKey":"BfS8SrB0l0Ua6/Jd4V137G9ARjnS/rPJdWZzS2Cqe1IL"},"_chains":{"Bauy+7R9AmRsxLuVDkMzIi52nfClf7iRa8qRyo1l/3QC":{"chainKey":{"counter":0,"key":"kz7SMJVkK2XbvWPVp/xvKk5tZYvHsQ0wgYXPJzee5yc="},"chainType":2,"messageKeys":{}},"BZJqpKJSSHH/S0xzyktTJDspcEL4+xrltsD9eOk9t1Bf":{"chainKey":{"counter":-1,"key":"mKeUpCBseqPiMxj4DAO8DbsMKNMnzB42fGZENBsQFt8="},"chainType":1,"messageKeys":{}}}}},"version":"v1"}