{"_sessions":{"BfUAa6/UaijXxJkdDDJiKE55XJ+mGe5nmeKIoBtzYClw":{"registrationId":1484811417,"currentRatchet":{"ephemeralKeyPair":{"pubKey":"BfBN3itmjJ8EBwN+yuL+VMZrY/qeWA4xStRnVvBi0P9X","privKey":"UPe3gu9PIYxMkflf9JgtQQmqgueuGxwMfHg4377/9Ec="},"lastRemoteEphemeralKey":"BYsdHLCSJUx1k0/ZdSgurtUr7Eqo5cC7Sto7FKlaZK5k","previousCounter":0,"rootKey":"F7UAR72pPyPDK4aNNBB+TbwL3mswxDdow6sw4rPhqqw="},"indexInfo":{"baseKey":"BfUAa6/UaijXxJkdDDJiKE55XJ+mGe5nmeKIoBtzYClw","baseKeyType":2,"closed":-1,"used":1739266579706,"created":1739266579706,"remoteIdentityKey":"BasrgA+Mk12z3+K76Titk39rLl4zIGSb4Vhnw/p4Kmp7"},"_chains":{"BYsdHLCSJUx1k0/ZdSgurtUr7Eqo5cC7Sto7FKlaZK5k":{"chainKey":{"counter":1,"key":"azz0HYfnn2zipdkBGj32mAE7cvBnaDS/gZqNkVZxlQo="},"chainType":2,"messageKeys":{}},"BfBN3itmjJ8EBwN+yuL+VMZrY/qeWA4xStRnVvBi0P9X":{"chainKey":{"counter":-1,"key":"qTPpP9zZxxLAw5c/xfuyaVjyOETwJgUNgQwk8Krbf+g="},"chainType":1,"messageKeys":{}}}}},"version":"v1"}