{"_sessions":{"BV9UIXOOL+tIdjwik+0W29W9IdBo93+au2Dm+UkxXl9b":{"registrationId":1673029849,"currentRatchet":{"ephemeralKeyPair":{"pubKey":"BYwajNPv6uMzqB1mqv2hWS4moYgabFvv+/cW2MZAeRoS","privKey":"mG/k7U71wmK2++Md6uQgjQPRS81NjKOSdSgvHsTEwn4="},"lastRemoteEphemeralKey":"Bf8oEkjeLBxyBinLWGF80yPcCgBXHcjWIlIRhTsk42NQ","previousCounter":0,"rootKey":"CZABSOq8/gzWT6xC50WMXlqqN1KvAcN+CgK5F+3Y98Y="},"indexInfo":{"baseKey":"BV9UIXOOL+tIdjwik+0W29W9IdBo93+au2Dm+UkxXl9b","baseKeyType":1,"closed":-1,"used":1739202035013,"created":1739202035013,"remoteIdentityKey":"BdLJy1zu+2HN2vVY5DuCGt51/JBWL4WitThZWT8OyRsG"},"_chains":{"BYwajNPv6uMzqB1mqv2hWS4moYgabFvv+/cW2MZAeRoS":{"chainKey":{"counter":0,"key":"MRMtT50Se7wTx6TTWWghn36f55eXgf8VrmwL0Ljmd/E="},"chainType":1,"messageKeys":{}}},"pendingPreKey":{"signedKeyId":16,"baseKey":"BV9UIXOOL+tIdjwik+0W29W9IdBo93+au2Dm+UkxXl9b","preKeyId":3119066}}},"version":"v1"}