{"_sessions":{"BfOsefuRq1DPvT6hH8eXqRbPTNWA/bh0nWl8OP/J2so7":{"registrationId":272845694,"currentRatchet":{"ephemeralKeyPair":{"pubKey":"Bedu/xaV6/HTWXOTyQ4IAfgfDvTWVON94hCWyOzXtU1b","privKey":"oKqzQRA6i1SqYHe/3Bg+TEHLSPHdxTWrDGasX0VrCUU="},"lastRemoteEphemeralKey":"BTEfBlur4FBCl4xbS7nsKlBH4dg0DXtvS2ScHpBvmvZ5","previousCounter":0,"rootKey":"jEr7zhQMJmpYSDrVqHA+OtyiPuSoa7NUU2fjBpBajxM="},"indexInfo":{"baseKey":"BfOsefuRq1DPvT6hH8eXqRbPTNWA/bh0nWl8OP/J2so7","baseKeyType":2,"closed":-1,"used":1739370024135,"created":1739201250895,"remoteIdentityKey":"BZFmZ5UrLL6iVGqw5mRbFWPf8k5ibw/xH9oRYsbiKxUo"},"_chains":{"BerQMUwmSTPH1xO5wmOx0Lv+5+JCfhSdUw9sUlDioEEs":{"chainKey":{"counter":7},"chainType":2,"messageKeys":{}},"BeipneD1Aslcw7XJ8i9Jn/9IdSaFcJEiWkbXUHTBi+hR":{"chainKey":{"counter":0},"chainType":2,"messageKeys":{}},"BVvJghKV40I+6aso+pbBYjoYecuN+vRSU/eNcc8SA04h":{"chainKey":{"counter":3},"chainType":2,"messageKeys":{}},"BWnO1ca84vz2q/hN89bBvjHonIQ21kaQ3ZuxVGh48eBV":{"chainKey":{"counter":0},"chainType":2,"messageKeys":{}},"Bdgf49CSvrXML5J0qex9pnDjp8Wk7ODhSjtR8Ia0aYwB":{"chainKey":{"counter":0},"chainType":2,"messageKeys":{}},"BXFKvGU0QbYKvqPPiwaX7E20tUQlyexLZ8GXsC5HP+UM":{"chainKey":{"counter":0},"chainType":2,"messageKeys":{}},"BTEfBlur4FBCl4xbS7nsKlBH4dg0DXtvS2ScHpBvmvZ5":{"chainKey":{"counter":0,"key":"gAdRApwaaSzS90J/AfiftRCcRQCPpk6dTDSBJKUthqo="},"chainType":2,"messageKeys":{}},"Bedu/xaV6/HTWXOTyQ4IAfgfDvTWVON94hCWyOzXtU1b":{"chainKey":{"counter":-1,"key":"mbqthbu7l5ZS1Q/aRAJqFEQ/RBB4DWOm1+X7/SmnLFI="},"chainType":1,"messageKeys":{}}}}},"version":"v1"}