{"_sessions":{"BbJe3O2dq2Z+l/MykQrI060TJlGdhhCeT9OWC/0mlHxI":{"registrationId":2147313272,"currentRatchet":{"ephemeralKeyPair":{"pubKey":"BdrhJDCQaZ64qCYkZppOSIxUb6f92unjlrYZMT9Lz6Ii","privKey":"QFNDRO96vSRny192vlZaptwUviiWiJNCflchXU92rUk="},"lastRemoteEphemeralKey":"BVOiI0dm8iVOAQDpRsk4Mqu/xLFEnsw7GgXkWh0q2rYc","previousCounter":0,"rootKey":"oiq3IZA1tQKDHD48CPvQ+hpkLw3ZP4O04MXF+KBJzUM="},"indexInfo":{"baseKey":"BbJe3O2dq2Z+l/MykQrI060TJlGdhhCeT9OWC/0mlHxI","baseKeyType":1,"closed":-1,"used":1739202034984,"created":1739202034984,"remoteIdentityKey":"BYTNJyUI558zmgdZzPEyhe6sULhJyNvq9Grjyu44vr5E"},"_chains":{"BdrhJDCQaZ64qCYkZppOSIxUb6f92unjlrYZMT9Lz6Ii":{"chainKey":{"counter":0,"key":"2TnvpaPZ0+GGV3MAj3ntz5dNsWHZRdWywxsbTzQG9ms="},"chainType":1,"messageKeys":{}}},"pendingPreKey":{"signedKeyId":8,"baseKey":"BbJe3O2dq2Z+l/MykQrI060TJlGdhhCeT9OWC/0mlHxI","preKeyId":16483589}}},"version":"v1"}