{"_sessions":{"BZxSB6OAJuuvqi9hFlMqnSyGr/xriZZyWXrqVDgJX803":{"registrationId":1748325108,"currentRatchet":{"ephemeralKeyPair":{"pubKey":"BX6Us0h21eomce17DVsPC81aPmEl9nWDyaIUmrLpl55M","privKey":"AGwrm3qriSRbEPBf62EmTNBW0gj4OiT94X3+xdG1gWE="},"lastRemoteEphemeralKey":"BVCLdZzVnq+WrS27LQWH/VukZwfovRv617b1sEE0rDgf","previousCounter":0,"rootKey":"WddICJcyCfz6MjumKUW7GxPbDw4edRb3sBluCz34qW0="},"indexInfo":{"baseKey":"BZxSB6OAJuuvqi9hFlMqnSyGr/xriZZyWXrqVDgJX803","baseKeyType":2,"closed":-1,"used":1739201970625,"created":1739201970625,"remoteIdentityKey":"BUI8S1Fb9pnMejJUHO7RuWe0LjNP52Km66K90Xp5+K9p"},"_chains":{"BVCLdZzVnq+WrS27LQWH/VukZwfovRv617b1sEE0rDgf":{"chainKey":{"counter":3,"key":"3psWn6FuEBAkp98d38TPsVWFaRIIUSI84DPvxGpzEKs="},"chainType":2,"messageKeys":{}},"BX6Us0h21eomce17DVsPC81aPmEl9nWDyaIUmrLpl55M":{"chainKey":{"counter":-1,"key":"7Rh6qmaWa51ysuN+L/0pJV+6zVxm7LUzGRJhbN2C6iA="},"chainType":1,"messageKeys":{}}}}},"version":"v1"}