{"_sessions":{"BS6gxrykb8ibyFXf8WXjmESdwg1jNeknYdfeplbQwY8t":{"registrationId":870758593,"currentRatchet":{"ephemeralKeyPair":{"pubKey":"Bc08LQVgMUNTFOQbtRosuF23qE+ljOkyC/AYG+dkgkNS","privKey":"0JzYHn0ibnM79i1w2vvCVNPxyQ3nyRn7jpjuNWqdRmQ="},"lastRemoteEphemeralKey":"Ba1JLjazuEurmWZHEmydahGn2OeC7yLYgZgmGb/g7hwH","previousCounter":0,"rootKey":"njB1zhADrrtEBOWrsYfuLvcA+L/n9GpEy8DuCZujsdo="},"indexInfo":{"baseKey":"BS6gxrykb8ibyFXf8WXjmESdwg1jNeknYdfeplbQwY8t","baseKeyType":2,"closed":-1,"used":1739276312015,"created":1739276312015,"remoteIdentityKey":"BTDvkl7I9tiDbcadSxMoPkOukfzQspG5d7wF0rBD3qhz"},"_chains":{"Ba1JLjazuEurmWZHEmydahGn2OeC7yLYgZgmGb/g7hwH":{"chainKey":{"counter":4,"key":"UPK0XAZdHXeHuwB6+MdAoOaPxK1P48xHWEx5C660rcM="},"chainType":2,"messageKeys":{}},"Bc08LQVgMUNTFOQbtRosuF23qE+ljOkyC/AYG+dkgkNS":{"chainKey":{"counter":-1,"key":"2JRKGZXOYI2Wgi6vCliBRh3okPy2nUeSekRQFKhJNg4="},"chainType":1,"messageKeys":{}}}}},"version":"v1"}