{"_sessions":{"BRfpFxk5if+Y7ptw2Cf7t6h7CMjAUFQW8BHSkIlaB7VN":{"registrationId":816629549,"currentRatchet":{"ephemeralKeyPair":{"pubKey":"BUaWGYy0HzO+oTlwJFu/XNXD2EDD/B31OskgDSQe4Q9O","privKey":"aPvfYq/Tb8+P9bRNa67malUHUBDD+5xkfma++ELdo3o="},"lastRemoteEphemeralKey":"BY0VBrMTCcHdgH1m8y07RtIfLfprrdUM7a+pTiDzgn03","previousCounter":0,"rootKey":"lTnJ1YeRNbGxcT3aaM0xbIzq+Smp+H8fYk8b8UuX2Ng="},"indexInfo":{"baseKey":"BRfpFxk5if+Y7ptw2Cf7t6h7CMjAUFQW8BHSkIlaB7VN","baseKeyType":1,"closed":-1,"used":1739511051893,"created":1739202034970,"remoteIdentityKey":"BbN052Tmbn3wWfIW7kD/Ulkk17/trbKy8G3gr+Qn4wZz"},"_chains":{"BSsfSBsW4oX3kAMn24zMuan3N3IlLZvaCJnZUAzI7WwX":{"chainKey":{"counter":0},"chainType":2,"messageKeys":{}},"BZA1h0BFezwBw6DzJYFOHV3KBuyl9GG3WrQZ44kzzUdZ":{"chainKey":{"counter":0},"chainType":2,"messageKeys":{}},"BTtqcThLpbKWrCK9BbCQ8nbZIDmmuE563f8jjQNPjm0I":{"chainKey":{"counter":0},"chainType":2,"messageKeys":{}},"BSzjlKrTVf9qJTBI4teRPYg86tNgd4hzdBUip0poEOdg":{"chainKey":{"counter":0},"chainType":2,"messageKeys":{}},"BXeEN1k74UQuIF85wvsrJG/ooRW+JAUnNJ5vi+um+z8e":{"chainKey":{"counter":0},"chainType":2,"messageKeys":{}},"BY0VBrMTCcHdgH1m8y07RtIfLfprrdUM7a+pTiDzgn03":{"chainKey":{"counter":124,"key":"CJ5fBt5PRzTeJt/L+iuK4N9usNXhBGBr7vGwFRZJmYM="},"chainType":2,"messageKeys":{"55":"cR0mOAtowg0DT2vyfSHg7xNOKKTBGKuSs+OdmJ7o5EE=","107":"RQFJNvOucJBFkCQJnY24PD8zkBIuaOAcM3n9VNZoCaU="}},"BUaWGYy0HzO+oTlwJFu/XNXD2EDD/B31OskgDSQe4Q9O":{"chainKey":{"counter":-1,"key":"PHJs5bOAf0AnOpGPQfFHG+xn/27YPv25gqYxEfjiTjs="},"chainType":1,"messageKeys":{}}}}},"version":"v1"}