{"_sessions":{"BeHmyjhS9HhaKjH6+ndYCNmvtKjCBrCxo8BIyp3KANx6":{"registrationId":2728,"currentRatchet":{"ephemeralKeyPair":{"pubKey":"BRuS9VzHZPyLxT+4wBmMUP6G7ERNi+6dh6tk1p/O014n","privKey":"aHSA09BkZQoMJL5hdGBO9Efw/413iJOP+PznxDmQcVw="},"lastRemoteEphemeralKey":"BZnMEzNiNV+sSPYELij8ioXriXb+I48k4jrO3x2ZZAkh","previousCounter":0,"rootKey":"FFcKH/jhtOnkRnsNjqDV3OyPYUQh06P5+o6/sJ34DP8="},"indexInfo":{"baseKey":"BeHmyjhS9HhaKjH6+ndYCNmvtKjCBrCxo8BIyp3KANx6","baseKeyType":1,"closed":-1,"used":1739202034949,"created":1739202034949,"remoteIdentityKey":"Beei5NbvN03j78mlwKYD2K7P+J2DXdgi2xILWaSKi5Av"},"_chains":{"BRuS9VzHZPyLxT+4wBmMUP6G7ERNi+6dh6tk1p/O014n":{"chainKey":{"counter":0,"key":"/wCmzij0ciYPXicM8JyDnTUgsXzYzcs06BeoaojEqiY="},"chainType":1,"messageKeys":{}}},"pendingPreKey":{"signedKeyId":1,"baseKey":"BeHmyjhS9HhaKjH6+ndYCNmvtKjCBrCxo8BIyp3KANx6","preKeyId":898}}},"version":"v1"}