{"_sessions":{"BeTblo1yYNJgOeWFyzYS40V1iMgRQSAarvzu3QPBhzki":{"registrationId":2140749792,"currentRatchet":{"ephemeralKeyPair":{"pubKey":"BfoNG/X6362iVWYtdp8Jv4fLWUWYCzSWi1Dl6ZpS8Ugx","privKey":"EMpTbQvb9hAUGTVqk3JloD0iO9ThIr5/b8to7MRna2w="},"lastRemoteEphemeralKey":"BYneGOpfqS1oloDJhWalZUz7WTxdqAJiaoSVy9Fyea8F","previousCounter":0,"rootKey":"Vc+WBiGn7bayELbuQP4+spJEwZ2JsBpUPog1vm02N5Y="},"indexInfo":{"baseKey":"BeTblo1yYNJgOeWFyzYS40V1iMgRQSAarvzu3QPBhzki","baseKeyType":1,"closed":-1,"used":1739202034991,"created":1739202034991,"remoteIdentityKey":"BXKRV+qj76ZJA//zHdzdIy0d1becjGkKafAVSk4Qxn4n"},"_chains":{"BfoNG/X6362iVWYtdp8Jv4fLWUWYCzSWi1Dl6ZpS8Ugx":{"chainKey":{"counter":0,"key":"pkkgBvnSfahN8IdmXWA9G2ve4SgVZGUySkWFnJMy7G0="},"chainType":1,"messageKeys":{}}},"pendingPreKey":{"signedKeyId":3,"baseKey":"BeTblo1yYNJgOeWFyzYS40V1iMgRQSAarvzu3QPBhzki","preKeyId":7675069}}},"version":"v1"}