{"_sessions":{"BZRwauWxhA8/kNN1wQk6hN0BJiJ0cZwEnzxFahTA6d1t":{"registrationId":524890592,"currentRatchet":{"ephemeralKeyPair":{"pubKey":"BfgjHYYSQCv9S9g0/vz7fIGlfJqtjX6JSNYwOyVgWxNb","privKey":"WFtNeACelJRc+LghHCHCrZLSeczOaGjmtAsr1pDomGI="},"lastRemoteEphemeralKey":"BfqfbSzKwwSQowRXTwa2w8HKxnHWX1PSPH7C1GtWIi1Y","previousCounter":0,"rootKey":"fsL2Y2xN2ijOSKCA7kR6RJABdtSZ+ApR4IcuLIiKoEY="},"indexInfo":{"baseKey":"BZRwauWxhA8/kNN1wQk6hN0BJiJ0cZwEnzxFahTA6d1t","baseKeyType":2,"closed":-1,"used":1739204254338,"created":1739204254338,"remoteIdentityKey":"BXhgQaTdHxOVdeB0sOWKcpFBiTb9cHhBD3YeDGO/lBJ4"},"_chains":{"BfqfbSzKwwSQowRXTwa2w8HKxnHWX1PSPH7C1GtWIi1Y":{"chainKey":{"counter":0,"key":"sij0C1tYL5GERLGargy2Y8w4lR1cq50tphwEN4PuHXI="},"chainType":2,"messageKeys":{}},"BfgjHYYSQCv9S9g0/vz7fIGlfJqtjX6JSNYwOyVgWxNb":{"chainKey":{"counter":-1,"key":"XW9vQm2LzFw7neEesW0p1ouCoxMrqiMrYdrSBeQzr9o="},"chainType":1,"messageKeys":{}}}}},"version":"v1"}