{"_sessions":{"BVvUxbTjbLcpaopljJ0/ODzVmUQnvhMtaf1BcamZwMBc":{"registrationId":667559460,"currentRatchet":{"ephemeralKeyPair":{"pubKey":"BbTQhKNkwvKXORaJwhns6YkDbo7VHEK+GFlsx/+pMQhd","privKey":"iCHr8cRkgehgPdzgh8xJL6Ox1BDAJcESbXlx+QYrd0s="},"lastRemoteEphemeralKey":"BSHOKQynTYVqKIZ8bonP2uW/muuFabVM4hXx69hGat5E","previousCounter":0,"rootKey":"Fd13HWLtv88eHFRzWPoPxa/ewt7sVffYNB4y1UjZjAQ="},"indexInfo":{"baseKey":"BVvUxbTjbLcpaopljJ0/ODzVmUQnvhMtaf1BcamZwMBc","baseKeyType":2,"closed":-1,"used":1739201970432,"created":1739201970432,"remoteIdentityKey":"BTrOwu1Bscv4loXcrKjPjoFQ3iZVpgbB5L76r5QoLmAU"},"_chains":{"BSHOKQynTYVqKIZ8bonP2uW/muuFabVM4hXx69hGat5E":{"chainKey":{"counter":1,"key":"dHky/booKMY4Tx735CUt4BFv24EtW1scVzwEEkFjREM="},"chainType":2,"messageKeys":{}},"BbTQhKNkwvKXORaJwhns6YkDbo7VHEK+GFlsx/+pMQhd":{"chainKey":{"counter":0,"key":"6q/Z50qxoGwxULUn/Jin+ocGb8yIspoB73PGtS15Xtg="},"chainType":1,"messageKeys":{}}}}},"version":"v1"}