{"_sessions":{"BUtkIWJhCfN3Za2jeb8iBvWmL2xDaz68XBudBS9xjWN3":{"registrationId":14547360,"currentRatchet":{"ephemeralKeyPair":{"pubKey":"BZZqOzQDvkj1AihqQxr+iTL+enRVrc8Bq4XuqO3oG99/","privKey":"MAtBWTPO/ulP5vLgL9Ugi4bh9E4XH4m3hs1XEEIoI00="},"lastRemoteEphemeralKey":"BUbp/PW6sTaOzXUN135I1+NMLPVPFNMWnTYIS0eRCjEk","previousCounter":0,"rootKey":"GZUc/9chrPt8qncD3e6xu02uaE9fXypYzNq8JBVaYnE="},"indexInfo":{"baseKey":"BUtkIWJhCfN3Za2jeb8iBvWmL2xDaz68XBudBS9xjWN3","baseKeyType":2,"closed":-1,"used":1739201970711,"created":1739201970711,"remoteIdentityKey":"BfCgZDQ53qTp5vXQIfR2ZVA7d9m990v4W7RVdN3W1bRf"},"_chains":{"BUbp/PW6sTaOzXUN135I1+NMLPVPFNMWnTYIS0eRCjEk":{"chainKey":{"counter":0,"key":"E2Upd5CYGzsTvNQznzSogIryhLd84bIyIX1VUBgX0vg="},"chainType":2,"messageKeys":{}},"BZZqOzQDvkj1AihqQxr+iTL+enRVrc8Bq4XuqO3oG99/":{"chainKey":{"counter":0,"key":"qGWrsrfUZrjUD+TB+DvLsgs7YHaWlQp5gxt8NxjrGjg="},"chainType":1,"messageKeys":{}}}}},"version":"v1"}