{"_sessions":{"BcfT/3NnNPr7uMyKGOs0VXbgx1VOtI5RvAkVS88AqE0X":{"registrationId":48045579,"currentRatchet":{"ephemeralKeyPair":{"pubKey":"BYZWOdBp0qjBzv8sthmFu8qqEYpvVKXn6Zza6xTH0CN7","privKey":"WGoIHTdmvygOFUtb/mt7ug0KyCo1cz6TzjGXh01njVU="},"lastRemoteEphemeralKey":"BWBHzyS7wA1nyfQa3GcbDiKTn/KBRc0Ann1DhgxgT6Zn","previousCounter":0,"rootKey":"vK4g3UjD2+EVZirhkLqvuHZ4o9uawWx/OqqRQMc11AE="},"indexInfo":{"baseKey":"BcfT/3NnNPr7uMyKGOs0VXbgx1VOtI5RvAkVS88AqE0X","baseKeyType":1,"closed":-1,"used":1739202034994,"created":1739202034994,"remoteIdentityKey":"BdhSMUlSekBekM/RXODrTGVEIlq5toWoxKjcRUQGtcUO"},"_chains":{"BYZWOdBp0qjBzv8sthmFu8qqEYpvVKXn6Zza6xTH0CN7":{"chainKey":{"counter":0,"key":"GDL8KhtHpKvS+ljeq1RqRx+bU351LXaoBQ2FBZCQ1l0="},"chainType":1,"messageKeys":{}}},"pendingPreKey":{"signedKeyId":4621759,"baseKey":"BcfT/3NnNPr7uMyKGOs0VXbgx1VOtI5RvAkVS88AqE0X","preKeyId":21592}}},"version":"v1"}