{"_sessions":{"BYRwMT6Muxpj5WXUrl5lAAbyenV41KHVWV8hXAiUzA4e":{"registrationId":2073710424,"currentRatchet":{"ephemeralKeyPair":{"pubKey":"BTRTLaBfahhIiTXjpdUQiei84Lc6MGqL42tB+28MCDsV","privKey":"iC+TuJ4sD3rxX54gcxfx5DySopwD+sLYn9nIJqnkVn4="},"lastRemoteEphemeralKey":"BQKjxg73oeeLVrHXZ2pAEAYIIIuL75GKvHOTpSjovOZK","previousCounter":0,"rootKey":"s8MevX/x5y4xH2u+0ddtbjvNmjg47OY5ffLbZGH9WYE="},"indexInfo":{"baseKey":"BYRwMT6Muxpj5WXUrl5lAAbyenV41KHVWV8hXAiUzA4e","baseKeyType":1,"closed":1739276311947,"used":1739202034964,"created":1739202034964,"remoteIdentityKey":"BVq2HfOL3sggZN5BL+Oms7MmyiJEbjdcmypH/YMQeONZ"},"_chains":{"BTRTLaBfahhIiTXjpdUQiei84Lc6MGqL42tB+28MCDsV":{"chainKey":{"counter":0,"key":"r3CGcY7UzpnY4urZNIXncEHR8KLP+s8D70eWe2xEwgo="},"chainType":1,"messageKeys":{}}},"pendingPreKey":{"signedKeyId":12,"baseKey":"BYRwMT6Muxpj5WXUrl5lAAbyenV41KHVWV8hXAiUzA4e","preKeyId":3575279}},"BenDOo6E1wyIen9MvdZrM0baXzqCg2yQEjVDxx3aspob":{"registrationId":2073710424,"currentRatchet":{"ephemeralKeyPair":{"pubKey":"BWrliCiSsMBetyhVfMnFKeBAMeXJTnJrTMqRHIVYxAJQ","privKey":"EBUu8cU7PLQEPy0vQU4Td4ovhvZrw+ubYW0sFqoMFGs="},"lastRemoteEphemeralKey":"BU86E1ZdDxLQp4LZ38Vv4qZm73aKzgZ/wxnPquxru7lg","previousCounter":0,"rootKey":"nt608N/ebcqG8q5C8kK4sNJK2BSgFgJS9BtmNhykiBM="},"indexInfo":{"baseKey":"BenDOo6E1wyIen9MvdZrM0baXzqCg2yQEjVDxx3aspob","baseKeyType":2,"closed":-1,"used":1739276311951,"created":1739276311951,"remoteIdentityKey":"BVq2HfOL3sggZN5BL+Oms7MmyiJEbjdcmypH/YMQeONZ"},"_chains":{"BU86E1ZdDxLQp4LZ38Vv4qZm73aKzgZ/wxnPquxru7lg":{"chainKey":{"counter":0,"key":"RUd4iKwqKKseItZCqk4OKx+soys9VykKePQ3di9wylc="},"chainType":2,"messageKeys":{}},"BWrliCiSsMBetyhVfMnFKeBAMeXJTnJrTMqRHIVYxAJQ":{"chainKey":{"counter":-1,"key":"jll/Q5ILla3jwrhrFI1M8xMuwPCdDJ/KPiVjsPQjXNY="},"chainType":1,"messageKeys":{}}}}},"version":"v1"}