{"_sessions":{"BcTblRWdYnwcwzp43jHvICz9urzSD7bmAGzjjRcQ449b":{"registrationId":1785196640,"currentRatchet":{"ephemeralKeyPair":{"pubKey":"BSFKYyirPxTBk+42Au0hx6AVVxJTZgJ6YJAvX9IVpRVH","privKey":"eD2jrfprgIz6bTSKgLjnTuIDlaIQSY3r7UPQa26LA1E="},"lastRemoteEphemeralKey":"BRLmLcCgGnIg1JuPmnM3ZmfKsvqArJDULwlh/0Op+6IJ","previousCounter":0,"rootKey":"0AkpUkoAoQlGLnlyT8XVg0lzzkFxwNP70kSxDSQcf7o="},"indexInfo":{"baseKey":"BcTblRWdYnwcwzp43jHvICz9urzSD7bmAGzjjRcQ449b","baseKeyType":1,"closed":-1,"used":1739202035006,"created":1739202035006,"remoteIdentityKey":"Bf8g64Dpon7SnCPPutI6YKW0rYwntuCPk4Kkx/eTJv5j"},"_chains":{"BSFKYyirPxTBk+42Au0hx6AVVxJTZgJ6YJAvX9IVpRVH":{"chainKey":{"counter":0,"key":"uDOJRtELgmAR2DLg44aMTD+eLt7tbCMRgkR3QeBft4Q="},"chainType":1,"messageKeys":{}}},"pendingPreKey":{"signedKeyId":6,"baseKey":"BcTblRWdYnwcwzp43jHvICz9urzSD7bmAGzjjRcQ449b","preKeyId":3997414}}},"version":"v1"}