{"_sessions":{"BcLNj05wg/25tk7LjvBla3xvZco2QsQ1NmHln+mX9vBE":{"registrationId":1706151407,"currentRatchet":{"ephemeralKeyPair":{"pubKey":"BdjES9jvt0319vUszlryPB/sWoyWFij4v34XppWFIQ9u","privKey":"GEFXF6KJ7WA2FEc4ji9GB7LB9IRfyXuAYWNzDP4bUV8="},"lastRemoteEphemeralKey":"BVYHtGdbQAFaUfu7m3QJe/K/zjbWgf1emGDtNuLhpp5e","previousCounter":0,"rootKey":"Ip10KihvKKd0rAa9pvrSPXIn16gXxFhtsx+dqSdAc3U="},"indexInfo":{"baseKey":"BcLNj05wg/25tk7LjvBla3xvZco2QsQ1NmHln+mX9vBE","baseKeyType":1,"closed":-1,"used":1739202034997,"created":1739202034997,"remoteIdentityKey":"BfDh0PiqU6dXp9ibyRM3cbU/Tqf+oCsrxm2GI584srwE"},"_chains":{"BdjES9jvt0319vUszlryPB/sWoyWFij4v34XppWFIQ9u":{"chainKey":{"counter":0,"key":"a3+b5rVvSmjcEyvZ7L7IMhEmf1ynwQD+tszM7lzMqgE="},"chainType":1,"messageKeys":{}}},"pendingPreKey":{"signedKeyId":4,"baseKey":"BcLNj05wg/25tk7LjvBla3xvZco2QsQ1NmHln+mX9vBE","preKeyId":11240967}}},"version":"v1"}