{"_sessions":{"BZgI799IyAfYssjsBvscLCS+w9u0AkIySHwI1LAjcuNc":{"registrationId":251904111,"currentRatchet":{"ephemeralKeyPair":{"pubKey":"BT3dhEazq7ERPs0q2+bM4+xS3GyezxuHfW5tDtuvFdxL","privKey":"uKvW9KkyqW120LYdoG2IaorrHgO06echq+xeVDc7fGQ="},"lastRemoteEphemeralKey":"Bc/RAAVbjt6PYTJc8b9bCb7Ypqy/A5sp4zAu2TtTdoNf","previousCounter":0,"rootKey":"jL36MwErBPXtWjHJqwyjtYxg5OCiEVxTetMoWe181nE="},"indexInfo":{"baseKey":"BZgI799IyAfYssjsBvscLCS+w9u0AkIySHwI1LAjcuNc","baseKeyType":1,"closed":-1,"used":1739202035010,"created":1739202035010,"remoteIdentityKey":"BSarwsicqAQFEPgHcFBf2o34jtPG1b/WuU6XnRsZrQti"},"_chains":{"BT3dhEazq7ERPs0q2+bM4+xS3GyezxuHfW5tDtuvFdxL":{"chainKey":{"counter":0,"key":"YvT8wkSNQaojXWuUWh2lUNxOv7hJzZKaO2OKBriQXSE="},"chainType":1,"messageKeys":{}}},"pendingPreKey":{"signedKeyId":4,"baseKey":"BZgI799IyAfYssjsBvscLCS+w9u0AkIySHwI1LAjcuNc","preKeyId":101573}}},"version":"v1"}