{"_sessions":{"BWtN5rL8OSqE6IuyYstzbesOVzSdQYGFUQWLdE+/F81j":{"registrationId":974918117,"currentRatchet":{"ephemeralKeyPair":{"pubKey":"BZGiSmedIRlBRPDOxfl5BKfWhxxfXAMyk8IDGNvqCcB2","privKey":"GHO7aHp2wdafw9ZLZ3sr3rpfSgZjzxFgWsIAYnMJ4Xk="},"lastRemoteEphemeralKey":"Bb7gs3QgwszngxvioOxuJO8RFByBVQi4dccZlbR4DUww","previousCounter":0,"rootKey":"U7k4VydzpGGZAP3sF5FUFgrWHK/ODfdZK7ERH1jijKM="},"indexInfo":{"baseKey":"BWtN5rL8OSqE6IuyYstzbesOVzSdQYGFUQWLdE+/F81j","baseKeyType":2,"closed":-1,"used":1739307188709,"created":1739307188709,"remoteIdentityKey":"BTmOhDQwTDr+top9i2sHUYUEqPmZUSwA2Zp3NRlIB/NG"},"_chains":{"Bb7gs3QgwszngxvioOxuJO8RFByBVQi4dccZlbR4DUww":{"chainKey":{"counter":13,"key":"GT1j3vpePSCSYbLuD3ViKmcWsJWoDpIhAkXjxFqCJdQ="},"chainType":2,"messageKeys":{"0":"xa74CbJPbhogEqFEkbGa6DJKSCfCDjij9z4ftEtQgM8=","1":"s9/n3S/cqmnUmteBxcw9vyrpnFfY4YWi3sNxVvXH8DI="}},"BZGiSmedIRlBRPDOxfl5BKfWhxxfXAMyk8IDGNvqCcB2":{"chainKey":{"counter":-1,"key":"XPeYqku6MmKPnAdjsnu21tfU5/YrTSXeLRoivOzHNEQ="},"chainType":1,"messageKeys":{}}}}},"version":"v1"}