{"_sessions":{"BdAWbM8vOiRoD3qVx2JzJd8ckB2MKjqQcoK1Y3HpXF8J":{"registrationId":684374536,"currentRatchet":{"ephemeralKeyPair":{"pubKey":"BemzxBwsSVl0XTNRS35kiCT8YlYGyV/Vr5Bgb6Ud+t9V","privKey":"KCPvuzXZ7OS5Kra444Kmt/iw/IEduHkTX9fHm/fcWko="},"lastRemoteEphemeralKey":"BWUabtxVAON+g9sbhTyf7dD5E5OcFWs4LbqCkxJmje5g","previousCounter":0,"rootKey":"asU94mrKI01HF7cZUIMDH/EVfZpCLHM8I89RIjwzpuQ="},"indexInfo":{"baseKey":"BdAWbM8vOiRoD3qVx2JzJd8ckB2MKjqQcoK1Y3HpXF8J","baseKeyType":2,"closed":-1,"used":1739226393604,"created":1739226393604,"remoteIdentityKey":"BaZ7sYBo93MBsBB3R5yyCFnCX22zQaaOMZjFz/VDUVFz"},"_chains":{"BWUabtxVAON+g9sbhTyf7dD5E5OcFWs4LbqCkxJmje5g":{"chainKey":{"counter":5,"key":"C/RHIzCvyVdKPAPHJyC7PvAKHtRU2ZTEL2GTrOuKcgU="},"chainType":2,"messageKeys":{}},"BemzxBwsSVl0XTNRS35kiCT8YlYGyV/Vr5Bgb6Ud+t9V":{"chainKey":{"counter":-1,"key":"hP5e/ih8qx9iBYBP5fSM/iqz7JBmIL7hIg9frfzK6vc="},"chainType":1,"messageKeys":{}}}}},"version":"v1"}