{"_sessions":{"Bdf1zsAhHQEdkCjt+5Le3blecpygRz/QQJeld83tMoxp":{"registrationId":166231761,"currentRatchet":{"ephemeralKeyPair":{"pubKey":"BZs9DSvtl86JAfpSgdyr4Z4J0/qs3lhN8OM+YzJpORBL","privKey":"8GTEYd2rhzaDDzM5pix/wOeKx//UaGa/XaD18nqcmHU="},"lastRemoteEphemeralKey":"BdNho85qT7ll/ZMn6hdevzxd1iPLhNF1SZX1ar74bQsH","previousCounter":0,"rootKey":"298yxSsK536eYbpkuromBw5rFh6PZy+4lQOH8Co0vsY="},"indexInfo":{"baseKey":"Bdf1zsAhHQEdkCjt+5Le3blecpygRz/QQJeld83tMoxp","baseKeyType":2,"closed":-1,"used":1739219469547,"created":1739219469547,"remoteIdentityKey":"Bc786cEBKpze8OTSC28cfgSFSSvu0alTmxYr/D4wj2h0"},"_chains":{"BdNho85qT7ll/ZMn6hdevzxd1iPLhNF1SZX1ar74bQsH":{"chainKey":{"counter":2,"key":"Mt41beXFQrz6eGBA/KPfsWOt4nvm4I34HDHAT6/Tf0E="},"chainType":2,"messageKeys":{}},"BZs9DSvtl86JAfpSgdyr4Z4J0/qs3lhN8OM+YzJpORBL":{"chainKey":{"counter":-1,"key":"b9BG0zmRQWfGPvLxI5WAVkvZRM9LiZzvQUVZaHDNcMs="},"chainType":1,"messageKeys":{}}}}},"version":"v1"}