{"_sessions":{"BTlEmkez1dHDmzr7PJCCEGbC4aq6j/y+z6wP2gxcLV1t":{"registrationId":1089070492,"currentRatchet":{"ephemeralKeyPair":{"pubKey":"BWalzv59ZDDzm2J+6qHKpC1fPFT1F3K5Rh18SONyQXpw","privKey":"WIMbPjEKwclG8Ia2+1dvLbqJZvtTrAoJ6QOmzOspFWg="},"lastRemoteEphemeralKey":"BRd6Il87CuaPBi0N5By8FTRUkfvBuPmwK4D6OUlWHj4k","previousCounter":0,"rootKey":"b/2HNMcNZTb7IjugnTRKJnxugWL5foFxUNc7x/kM+Xc="},"indexInfo":{"baseKey":"BTlEmkez1dHDmzr7PJCCEGbC4aq6j/y+z6wP2gxcLV1t","baseKeyType":2,"closed":-1,"used":1739226393830,"created":1739226393830,"remoteIdentityKey":"BRLbKA3GQxA2sc1m3wNGunwd4dgXrraZFJT3pzgbxsN0"},"_chains":{"BRd6Il87CuaPBi0N5By8FTRUkfvBuPmwK4D6OUlWHj4k":{"chainKey":{"counter":0,"key":"eLX8tuPUb09GzL61NCTfKFhUeVvqMFXWGWeLyfaYHHg="},"chainType":2,"messageKeys":{}},"BWalzv59ZDDzm2J+6qHKpC1fPFT1F3K5Rh18SONyQXpw":{"chainKey":{"counter":-1,"key":"D56/u3XadXb3f5igKnWesAHPd77m30oTyL1kz/5G7p0="},"chainType":1,"messageKeys":{}}}}},"version":"v1"}