{"_sessions":{"BTVjh844LSp2Re73lOygbd5XbYoG3FMIojQl9wrMK55s":{"registrationId":1531211282,"currentRatchet":{"ephemeralKeyPair":{"pubKey":"BSowfyQm9hHyI05vLZViWW1eAEp1kBRoM4/2s9El9Hl2","privKey":"ONCag3IM+3O2ZpW2DYlWvIPYon0B/Hhn/56LF8E/D2E="},"lastRemoteEphemeralKey":"BavLueccrSItP01ek/MhCVoK5Yezd8mtEyzU8ewt4odO","previousCounter":0,"rootKey":"rhDkSGOY2FqEeuHI7M2uV7MUr4pwkxOZ0aXKpt3zV3w="},"indexInfo":{"baseKey":"BTVjh844LSp2Re73lOygbd5XbYoG3FMIojQl9wrMK55s","baseKeyType":2,"closed":-1,"used":1739217568718,"created":1739217568718,"remoteIdentityKey":"BVcv14Hb9QDrYDipVVFSk4X/0yWLoeGyUXo5aI8eg+lN"},"_chains":{"BavLueccrSItP01ek/MhCVoK5Yezd8mtEyzU8ewt4odO":{"chainKey":{"counter":2,"key":"le1ZoDSZCP/8TLxzlZdXLH4ag+2fHJ9lGsCBsBKJoIs="},"chainType":2,"messageKeys":{}},"BSowfyQm9hHyI05vLZViWW1eAEp1kBRoM4/2s9El9Hl2":{"chainKey":{"counter":-1,"key":"NjNEJJcJVvaB8YX/xwi5ranlUIsVnvfc+EXGteUUFsg="},"chainType":1,"messageKeys":{}}}}},"version":"v1"}