{"_sessions":{"BXM9FLO0hCldD9GJmfg0uOcmROy5JJriLzWxoTI54y45":{"registrationId":202,"currentRatchet":{"ephemeralKeyPair":{"pubKey":"BSmwVpPzQwbwCG98eKQKvOgVu/a57gp/+6ZgwIaFgHV8","privKey":"kLvFY3H/kyt6N6rbbcsnhRhKia78ouNRzvuJ3xDkMWk="},"lastRemoteEphemeralKey":"BYrgufv9tXdL+/rBkGuRUYWIGJWJyBOVAtv6Lu7Kh4F9","previousCounter":0,"rootKey":"R/jBYR/KRyWSpHMRFPnmI/t4FYjyX34PZNiJa+kHZ28="},"indexInfo":{"baseKey":"BXM9FLO0hCldD9GJmfg0uOcmROy5JJriLzWxoTI54y45","baseKeyType":1,"closed":-1,"used":1739202034958,"created":1739202034958,"remoteIdentityKey":"BdxHOgqsgqxPpA54P2pgyAtnzxwBLnIQPxjoLXeCvAUb"},"_chains":{"BSmwVpPzQwbwCG98eKQKvOgVu/a57gp/+6ZgwIaFgHV8":{"chainKey":{"counter":0,"key":"nc3e8gmU+bw71NS6I5+gor/O5iCJ6Izu9HanuhBXBJc="},"chainType":1,"messageKeys":{}}},"pendingPreKey":{"signedKeyId":1,"baseKey":"BXM9FLO0hCldD9GJmfg0uOcmROy5JJriLzWxoTI54y45"}}},"version":"v1"}