{"_sessions":{"BbnhnIN093uqmG7N+VUFumdForABnj+OLxQueXXOaUZA":{"registrationId":116785899,"currentRatchet":{"ephemeralKeyPair":{"pubKey":"BSVr3rK0zeKbqF8eNXaoPjP83oL5IzxjCkmTjamkEzdA","privKey":"gFDRpL9uXbmzVzSMCZMHef8C+ZIEqCpxy13cerp5k3s="},"lastRemoteEphemeralKey":"BYMI5OC/jeScXJ4OEVm/fuYPQG8PywnwezrfzarA/iI/","previousCounter":0,"rootKey":"ayGZ2a4Ixb5WsdKYvor0uCBobiE1w9m25rN0XzRd94k="},"indexInfo":{"baseKey":"BbnhnIN093uqmG7N+VUFumdForABnj+OLxQueXXOaUZA","baseKeyType":1,"closed":-1,"used":1739202034980,"created":1739202034980,"remoteIdentityKey":"BSue/tMvLwV2YU9ZA4impw+LOypbhID5tIdZK6wDX6g3"},"_chains":{"BSVr3rK0zeKbqF8eNXaoPjP83oL5IzxjCkmTjamkEzdA":{"chainKey":{"counter":0,"key":"pSASTs3loLuKb7RbYgCjhbHVNFmQwiE13F0i3EW9HQY="},"chainType":1,"messageKeys":{}}},"pendingPreKey":{"signedKeyId":8552422,"baseKey":"BbnhnIN093uqmG7N+VUFumdForABnj+OLxQueXXOaUZA","preKeyId":31910}}},"version":"v1"}