{"_sessions":{"Bagep4ozy0cCA/qYSG3noWV6XNp4hJn8h1ty7Awp7KQR":{"registrationId":1627605118,"currentRatchet":{"ephemeralKeyPair":{"pubKey":"BUMzLEBmqGxOm83KduWJIRPG76N2HJgUcc+GKFzhZPZY","privKey":"QCiUa3k4R8ep2Cev3OtYjspjceRxahE1g8Ry4IdbJVQ="},"lastRemoteEphemeralKey":"BSrNZx8HWserXn8RQZK/aQC4d/bOCuU+Q7f2Q/GsxCQF","previousCounter":0,"rootKey":"vfo/WX6jKU9vvrswmGl3iloqh3LCcH3Ze0NaC3/PmmM="},"indexInfo":{"baseKey":"Bagep4ozy0cCA/qYSG3noWV6XNp4hJn8h1ty7Awp7KQR","baseKeyType":1,"closed":-1,"used":1739202034977,"created":1739202034977,"remoteIdentityKey":"BRWHT0KOv5qlEdYlhk3q2cCE9fCu1xc2TwSzc8fRWqVo"},"_chains":{"BUMzLEBmqGxOm83KduWJIRPG76N2HJgUcc+GKFzhZPZY":{"chainKey":{"counter":0,"key":"kqgkVgxP0l2HUVoO0x2F3KkOHZlwagbAWujtUGo7cOo="},"chainType":1,"messageKeys":{}}},"pendingPreKey":{"signedKeyId":10,"baseKey":"Bagep4ozy0cCA/qYSG3noWV6XNp4hJn8h1ty7Awp7KQR","preKeyId":5390666}}},"version":"v1"}